  0
SECTION
  2
HEADER
  9
$ACADVER
  1
AC1032
  9
$ACADMAINTVER
 90
      197
  9
$DWGCODEPAGE
  3
ANSI_1251
  9
$LASTSAVEDBY
  1
ЛЕНАР
  9
$REQUIREDVERSIONS
160
                 0
  9
$INSBASE
 10
0.0
 20
0.0
 30
0.0
  9
$EXTMIN
 10
0.0
 20
0.0
 30
0.0
  9
$EXTMAX
 10
427.5440271948808
 20
305.0916732343221
 30
0.0
  9
$LIMMIN
 10
0.0
 20
0.0
  9
$LIMMAX
 10
420.0
 20
297.0
  9
$ORTHOMODE
 70
     1
  9
$REGENMODE
 70
     1
  9
$FILLMODE
 70
     1
  9
$QTEXTMODE
 70
     0
  9
$MIRRTEXT
 70
     0
  9
$LTSCALE
 40
1.0
  9
$ATTMODE
 70
     1
  9
$TEXTSIZE
 40
2.5
  9
$TRACEWID
 40
1.0
  9
$TEXTSTYLE
  7
Standard
  9
$CLAYER
  8
0
  9
$CELTYPE
  6
ByLayer
  9
$CECOLOR
 62
   256
  9
$CELTSCALE
 40
1.0
  9
$DISPSILH
 70
     0
  9
$DIMSCALE
 40
1.0
  9
$DIMASZ
 40
2.5
  9
$DIMEXO
 40
0.625
  9
$DIMDLI
 40
3.75
  9
$DIMRND
 40
0.0
  9
$DIMDLE
 40
0.0
  9
$DIMEXE
 40
1.25
  9
$DIMTP
 40
0.0
  9
$DIMTM
 40
0.0
  9
$DIMTXT
 40
2.5
  9
$DIMCEN
 40
2.5
  9
$DIMTSZ
 40
0.0
  9
$DIMTOL
 70
     0
  9
$DIMLIM
 70
     0
  9
$DIMTIH
 70
     0
  9
$DIMTOH
 70
     0
  9
$DIMSE1
 70
     0
  9
$DIMSE2
 70
     0
  9
$DIMTAD
 70
     1
  9
$DIMZIN
 70
     8
  9
$DIMBLK
  1

  9
$DIMASO
 70
     1
  9
$DIMSHO
 70
     1
  9
$DIMPOST
  1

  9
$DIMAPOST
  1

  9
$DIMALT
 70
     0
  9
$DIMALTD
 70
     3
  9
$DIMALTF
 40
0.03937007874016
  9
$DIMLFAC
 40
1.0
  9
$DIMTOFL
 70
     1
  9
$DIMTVP
 40
0.0
  9
$DIMTIX
 70
     0
  9
$DIMSOXD
 70
     0
  9
$DIMSAH
 70
     0
  9
$DIMBLK1
  1

  9
$DIMBLK2
  1

  9
$DIMSTYLE
  2
ISO-25
  9
$DIMCLRD
 70
     0
  9
$DIMCLRE
 70
     0
  9
$DIMCLRT
 70
     0
  9
$DIMTFAC
 40
1.0
  9
$DIMGAP
 40
0.625
  9
$DIMJUST
 70
     0
  9
$DIMSD1
 70
     0
  9
$DIMSD2
 70
     0
  9
$DIMTOLJ
 70
     0
  9
$DIMTZIN
 70
     8
  9
$DIMALTZ
 70
     0
  9
$DIMALTTZ
 70
     0
  9
$DIMUPT
 70
     0
  9
$DIMDEC
 70
     2
  9
$DIMTDEC
 70
     2
  9
$DIMALTU
 70
     2
  9
$DIMALTTD
 70
     3
  9
$DIMTXSTY
  7
Standard
  9
$DIMAUNIT
 70
     0
  9
$DIMADEC
 70
     0
  9
$DIMALTRND
 40
0.0
  9
$DIMAZIN
 70
     0
  9
$DIMDSEP
 70
    44
  9
$DIMATFIT
 70
     3
  9
$DIMFRAC
 70
     0
  9
$DIMLDRBLK
  1

  9
$DIMLUNIT
 70
     2
  9
$DIMLWD
 70
    -2
  9
$DIMLWE
 70
    -2
  9
$DIMTMOVE
 70
     0
  9
$DIMFXL
 40
1.0
  9
$DIMFXLON
 70
     0
  9
$DIMJOGANG
 40
0.7853981633974483
  9
$DIMTFILL
 70
     0
  9
$DIMTFILLCLR
 70
     0
  9
$DIMARCSYM
 70
     0
  9
$DIMLTYPE
  6

  9
$DIMLTEX1
  6

  9
$DIMLTEX2
  6

  9
$DIMTXTDIRECTION
 70
     0
  9
$LUNITS
 70
     2
  9
$LUPREC
 70
     4
  9
$SKETCHINC
 40
1.0
  9
$FILLETRAD
 40
0.0
  9
$AUNITS
 70
     0
  9
$AUPREC
 70
     0
  9
$MENU
  1
.
  9
$ELEVATION
 40
0.0
  9
$PELEVATION
 40
0.0
  9
$THICKNESS
 40
0.0
  9
$LIMCHECK
 70
     0
  9
$CHAMFERA
 40
0.0
  9
$CHAMFERB
 40
0.0
  9
$CHAMFERC
 40
0.0
  9
$CHAMFERD
 40
0.0
  9
$SKPOLY
 70
     0
  9
$TDCREATE
 40
2461191.285381945
  9
$TDUCREATE
 40
2461191.160381944
  9
$TDUPDATE
 40
2461191.290300926
  9
$TDUUPDATE
 40
2461191.165300926
  9
$TDINDWG
 40
0.0043865741
  9
$TDUSRTIMER
 40
0.0043865741
  9
$USRTIMER
 70
     1
  9
$ANGBASE
 50
0.0
  9
$ANGDIR
 70
     0
  9
$PDMODE
 70
     0
  9
$PDSIZE
 40
0.0
  9
$PLINEWID
 40
0.0
  9
$SPLFRAME
 70
     0
  9
$SPLINETYPE
 70
     6
  9
$SPLINESEGS
 70
     8
  9
$HANDSEED
  5
137C
  9
$SURFTAB1
 70
     6
  9
$SURFTAB2
 70
     6
  9
$SURFTYPE
 70
     6
  9
$SURFU
 70
     6
  9
$SURFV
 70
     6
  9
$UCSBASE
  2

  9
$UCSNAME
  2

  9
$UCSORG
 10
0.0
 20
0.0
 30
0.0
  9
$UCSXDIR
 10
1.0
 20
0.0
 30
0.0
  9
$UCSYDIR
 10
0.0
 20
1.0
 30
0.0
  9
$UCSORTHOREF
  2

  9
$UCSORTHOVIEW
 70
     0
  9
$UCSORGTOP
 10
0.0
 20
0.0
 30
0.0
  9
$UCSORGBOTTOM
 10
0.0
 20
0.0
 30
0.0
  9
$UCSORGLEFT
 10
0.0
 20
0.0
 30
0.0
  9
$UCSORGRIGHT
 10
0.0
 20
0.0
 30
0.0
  9
$UCSORGFRONT
 10
0.0
 20
0.0
 30
0.0
  9
$UCSORGBACK
 10
0.0
 20
0.0
 30
0.0
  9
$PUCSBASE
  2

  9
$PUCSNAME
  2

  9
$PUCSORG
 10
0.0
 20
0.0
 30
0.0
  9
$PUCSXDIR
 10
1.0
 20
0.0
 30
0.0
  9
$PUCSYDIR
 10
0.0
 20
1.0
 30
0.0
  9
$PUCSORTHOREF
  2

  9
$PUCSORTHOVIEW
 70
     0
  9
$PUCSORGTOP
 10
0.0
 20
0.0
 30
0.0
  9
$PUCSORGBOTTOM
 10
0.0
 20
0.0
 30
0.0
  9
$PUCSORGLEFT
 10
0.0
 20
0.0
 30
0.0
  9
$PUCSORGRIGHT
 10
0.0
 20
0.0
 30
0.0
  9
$PUCSORGFRONT
 10
0.0
 20
0.0
 30
0.0
  9
$PUCSORGBACK
 10
0.0
 20
0.0
 30
0.0
  9
$USERI1
 70
     0
  9
$USERI2
 70
     0
  9
$USERI3
 70
     0
  9
$USERI4
 70
     0
  9
$USERI5
 70
     0
  9
$USERR1
 40
0.0
  9
$USERR2
 40
0.0
  9
$USERR3
 40
0.0
  9
$USERR4
 40
0.0
  9
$USERR5
 40
0.0
  9
$WORLDVIEW
 70
     1
  9
$SHADEDGE
 70
     3
  9
$SHADEDIF
 70
    70
  9
$TILEMODE
 70
     1
  9
$MAXACTVP
 70
    64
  9
$PINSBASE
 10
0.0
 20
0.0
 30
0.0
  9
$PLIMCHECK
 70
     0
  9
$PEXTMIN
 10
0.0
 20
0.0
 30
0.0
  9
$PEXTMAX
 10
0.0
 20
0.0
 30
0.0
  9
$PLIMMIN
 10
0.0
 20
0.0
  9
$PLIMMAX
 10
12.0
 20
9.0
  9
$UNITMODE
 70
     0
  9
$VISRETAIN
 70
     1
  9
$PLINEGEN
 70
     0
  9
$PSLTSCALE
 70
     1
  9
$TREEDEPTH
 70
  3020
  9
$CMLSTYLE
  2
Standard
  9
$CMLJUST
 70
     0
  9
$CMLSCALE
 40
20.0
  9
$PROXYGRAPHICS
 70
     1
  9
$MEASUREMENT
 70
     1
  9
$CELWEIGHT
370
    -1
  9
$ENDCAPS
280
     0
  9
$JOINSTYLE
280
     0
  9
$LWDISPLAY
290
     0
  9
$INSUNITS
 70
     4
  9
$HYPERLINKBASE
  1

  9
$STYLESHEET
  1

  9
$XEDIT
290
     1
  9
$CEPSNTYPE
380
     0
  9
$PSTYLEMODE
290
     1
  9
$FINGERPRINTGUID
  2
{AE2FF10D-2070-7F46-8506-0F82E514FA50}
  9
$VERSIONGUID
  2
{D24EFA54-911B-2E48-93D0-57133278B57D}
  9
$EXTNAMES
290
     1
  9
$PSVPSCALE
 40
0.0
  9
$OLESTARTUP
290
     0
  9
$SORTENTS
280
   127
  9
$INDEXCTL
280
     0
  9
$HIDETEXT
280
     1
  9
$XCLIPFRAME
280
     2
  9
$HALOGAP
280
     0
  9
$OBSCOLOR
 70
   257
  9
$OBSLTYPE
280
     0
  9
$INTERSECTIONDISPLAY
280
     0
  9
$INTERSECTIONCOLOR
 70
   257
  9
$DIMASSOC
280
     2
  9
$PROJECTNAME
  1

  9
$CAMERADISPLAY
290
     0
  9
$LENSLENGTH
 40
50.0
  9
$CAMERAHEIGHT
 40
0.0
  9
$STEPSPERSEC
 40
2.0
  9
$STEPSIZE
 40
6.0
  9
$3DDWFPREC
 40
2.0
  9
$PSOLWIDTH
 40
5.0
  9
$PSOLHEIGHT
 40
80.0
  9
$LOFTANG1
 40
1.570796326794896
  9
$LOFTANG2
 40
1.570796326794896
  9
$LOFTMAG1
 40
0.0
  9
$LOFTMAG2
 40
0.0
  9
$LOFTPARAM
 70
     7
  9
$LOFTNORMALS
280
     1
  9
$LATITUDE
 40
37.795
  9
$LONGITUDE
 40
-122.394
  9
$NORTHDIRECTION
 40
0.0
  9
$TIMEZONE
 70
 -8000
  9
$LIGHTGLYPHDISPLAY
280
     1
  9
$TILEMODELIGHTSYNCH
280
     1
  9
$CMATERIAL
347
EC
  9
$SOLIDHIST
280
     0
  9
$SHOWHIST
280
     1
  9
$DWFFRAME
280
     2
  9
$DGNFRAME
280
     0
  9
$REALWORLDSCALE
290
     1
  9
$INTERFERECOLOR
 62
     1
  9
$INTERFEREOBJVS
345
F9
  9
$INTERFEREVPVS
346
F6
  9
$CSHADOW
280
     0
  9
$SHADOWPLANELOCATION
 40
0.0
  0
ENDSEC
  0
SECTION
  2
CLASSES
  0
CLASS
  1
ACDBDICTIONARYWDFLT
  2
AcDbDictionaryWithDefault
  3
ObjectDBX Classes
 90
        0
 91
        1
280
     0
281
     0
  0
CLASS
  1
DICTIONARYVAR
  2
AcDbDictionaryVar
  3
ObjectDBX Classes
 90
        0
 91
       11
280
     0
281
     0
  0
CLASS
  1
TABLESTYLE
  2
AcDbTableStyle
  3
ObjectDBX Classes
 90
     4095
 91
        1
280
     0
281
     0
  0
CLASS
  1
MATERIAL
  2
AcDbMaterial
  3
ObjectDBX Classes
 90
     1153
 91
        3
280
     0
281
     0
  0
CLASS
  1
VISUALSTYLE
  2
AcDbVisualStyle
  3
ObjectDBX Classes
 90
     4095
 91
       24
280
     0
281
     0
  0
CLASS
  1
SCALE
  2
AcDbScale
  3
ObjectDBX Classes
 90
     1153
 91
       17
280
     0
281
     0
  0
CLASS
  1
MLEADERSTYLE
  2
AcDbMLeaderStyle
  3
ACDB_MLEADERSTYLE_CLASS
 90
     4095
 91
        2
280
     0
281
     0
  0
CLASS
  1
CELLSTYLEMAP
  2
AcDbCellStyleMap
  3
ObjectDBX Classes
 90
     1152
 91
        2
280
     0
281
     0
  0
CLASS
  1
EXACXREFPANELOBJECT
  2
ExAcXREFPanelObject
  3
EXAC_ESW
 90
     1025
 91
        0
280
     0
281
     0
  0
CLASS
  1
NPOCOLLECTION
  2
AcDbImpNonPersistentObjectsCollection
  3
ObjectDBX Classes
 90
     1153
 91
        0
280
     0
281
     0
  0
CLASS
  1
LAYER_INDEX
  2
AcDbLayerIndex
  3
ObjectDBX Classes
 90
        0
 91
        0
280
     0
281
     0
  0
CLASS
  1
SPATIAL_INDEX
  2
AcDbSpatialIndex
  3
ObjectDBX Classes
 90
        0
 91
        0
280
     0
281
     0
  0
CLASS
  1
IDBUFFER
  2
AcDbIdBuffer
  3
ObjectDBX Classes
 90
        0
 91
        0
280
     0
281
     0
  0
CLASS
  1
ACDBSECTIONVIEWSTYLE
  2
AcDbSectionViewStyle
  3
ObjectDBX Classes
 90
     1025
 91
        1
280
     0
281
     0
  0
CLASS
  1
ACDBDETAILVIEWSTYLE
  2
AcDbDetailViewStyle
  3
ObjectDBX Classes
 90
     1025
 91
        1
280
     0
281
     0
  0
CLASS
  1
SORTENTSTABLE
  2
AcDbSortentsTable
  3
ObjectDBX Classes
 90
        0
 91
        1
280
     0
281
     0
  0
ENDSEC
  0
SECTION
  2
TABLES
  0
TABLE
  2
VPORT
  5
8
330
0
100
AcDbSymbolTable
 70
     1
  0
VPORT
  5
EA
330
8
100
AcDbSymbolTableRecord
100
AcDbViewportTableRecord
  2
*Active
 70
     0
 10
0.0
 20
0.0
 11
1.0
 21
1.0
 12
78.08173532691279
 22
22.62098851983137
 13
0.0
 23
0.0
 14
10.0
 24
10.0
 15
10.0
 25
10.0
 16
0.0
 26
0.0
 36
1.0
 17
0.0
 27
0.0
 37
0.0
 40
411.9116627842113
 41
1.932816537467699
 42
50.0
 43
0.0
 44
0.0
 50
0.0
 51
0.0
 71
     0
 72
  1000
 73
     1
 74
     3
 75
     0
 76
     1
 77
     0
 78
     0
281
     0
 65
     1
110
0.0
120
0.0
130
0.0
111
1.0
121
0.0
131
0.0
112
0.0
122
1.0
132
0.0
 79
     0
146
0.0
348
F5
 60
     3
 61
     5
292
     1
282
     1
141
0.0
142
0.0
 63
   250
421
  3355443
1001
ACAD_NAV_VCDISPLAY
1070
     3
  0
ENDTAB
  0
TABLE
  2
LTYPE
  5
5
330
0
100
AcDbSymbolTable
 70
     1
  0
LTYPE
  5
14
330
5
100
AcDbSymbolTableRecord
100
AcDbLinetypeTableRecord
  2
ByBlock
 70
     0
  3

 72
    65
 73
     0
 40
0.0
  0
LTYPE
  5
15
330
5
100
AcDbSymbolTableRecord
100
AcDbLinetypeTableRecord
  2
ByLayer
 70
     0
  3

 72
    65
 73
     0
 40
0.0
  0
LTYPE
  5
16
330
5
100
AcDbSymbolTableRecord
100
AcDbLinetypeTableRecord
  2
Continuous
 70
     0
  3
Solid line
 72
    65
 73
     0
 40
0.0
  0
ENDTAB
  0
TABLE
  2
LAYER
  5
2
102
{ACAD_XDICTIONARY
360
1FF
102
}
330
0
100
AcDbSymbolTable
 70
    29
  0
LAYER
  5
10
102
{ACAD_XDICTIONARY
360
13C
102
}
330
2
100
AcDbSymbolTableRecord
100
AcDbLayerTableRecord
  2
0
 70
     0
 62
     7
  6
Continuous
370
    -3
390
F
347
EE
348
0
  0
LAYER
  5
728
330
2
100
AcDbSymbolTableRecord
100
AcDbLayerTableRecord
  2
EPLAN100
 70
     0
 62
     7
  6
Continuous
370
    50
390
F
347
EE
348
0
1001
AcAecLayerStandard
1000

1000
Графика.Общее
  0
LAYER
  5
729
330
2
100
AcDbSymbolTableRecord
100
AcDbLayerTableRecord
  2
EPLAN108
 70
     0
 62
     5
  6
Continuous
370
    35
390
F
347
EE
348
0
1001
AcAecLayerStandard
1000

1000
Графика.Тексты
  0
LAYER
  5
72A
330
2
100
AcDbSymbolTableRecord
100
AcDbLayerTableRecord
  2
EPLAN201
 70
     0
 62
     7
  6
Continuous
370
    35
390
F
347
EE
348
0
1001
AcAecLayerStandard
1000

1000
Графика.Рамки
  0
LAYER
  5
72B
330
2
100
AcDbSymbolTableRecord
100
AcDbLayerTableRecord
  2
EPLAN300
 70
     0
 62
     5
  6
Continuous
370
    25
390
F
347
EE
348
0
1001
AcAecLayerStandard
1000

1000
Символьная графика.Общее
  0
LAYER
  5
72C
330
2
100
AcDbSymbolTableRecord
100
AcDbLayerTableRecord
  2
EPLAN302
 70
     0
 62
     5
  6
Continuous
370
    25
390
F
347
EE
348
0
1001
AcAecLayerStandard
1000

1000
Символьная графика.Выводы устройства
  0
LAYER
  5
72D
330
2
100
AcDbSymbolTableRecord
100
AcDbLayerTableRecord
  2
EPLAN305
 70
     0
 62
     5
  6
Continuous
370
    25
390
F
347
EE
348
0
1001
AcAecLayerStandard
1000

1000
Символьная графика.Черный ящик
  0
LAYER
  5
72E
330
2
100
AcDbSymbolTableRecord
100
AcDbLayerTableRecord
  2
EPLAN311
 70
     0
 62
     1
  6
Continuous
370
    25
390
F
347
EE
348
0
1001
AcAecLayerStandard
1000

1000
Символьная графика.Символы соединения.Автоматическое соединение
  0
LAYER
  5
72F
330
2
100
AcDbSymbolTableRecord
100
AcDbLayerTableRecord
  2
EPLAN312
 70
     0
 62
     1
  6
Continuous
370
    25
390
F
347
EE
348
0
1001
AcAecLayerStandard
1000

1000
Символьная графика.Точки определения соединений
  0
LAYER
  5
730
330
2
100
AcDbSymbolTableRecord
100
AcDbLayerTableRecord
  2
EPLAN321
 70
     0
 62
     5
  6
Continuous
370
    25
390
F
347
EE
348
0
1001
AcAecLayerStandard
1000

1000
Символьная графика.Точки определений изделий
  0
LAYER
  5
731
330
2
100
AcDbSymbolTableRecord
100
AcDbLayerTableRecord
  2
EPLAN400
 70
     0
 62
     5
  6
Continuous
370
    35
390
F
347
EE
348
0
1001
AcAecLayerStandard
1000

1000
Размещение свойства.Обозначение устройства
  0
LAYER
  5
732
330
2
100
AcDbSymbolTableRecord
100
AcDbLayerTableRecord
  2
EPLAN405
 70
     0
 62
     1
  6
Continuous
370
    25
390
F
347
EE
348
0
1001
AcAecLayerStandard
1000

1000
Размещение свойства.Точки определения соединений
  0
LAYER
  5
733
330
2
100
AcDbSymbolTableRecord
100
AcDbLayerTableRecord
  2
EPLAN408
 70
     0
 62
     5
  6
Continuous
370
    35
390
F
347
EE
348
0
1001
AcAecLayerStandard
1000

1000
Размещение свойства.Клеммы.Обозначение устройства
  0
LAYER
  5
734
330
2
100
AcDbSymbolTableRecord
100
AcDbLayerTableRecord
  2
EPLAN420
 70
     0
 62
     7
  6
Continuous
370
    35
390
F
347
EE
348
0
1001
AcAecLayerStandard
1000

1000
Размещение свойства.Обозначения выводов устройства
  0
LAYER
  5
735
330
2
100
AcDbSymbolTableRecord
100
AcDbLayerTableRecord
  2
EPLAN421
 70
     0
 62
     5
  6
Continuous
370
    35
390
F
347
EE
348
0
1001
AcAecLayerStandard
1000

1000
Размещение свойства.Описания выводов устройства
  0
LAYER
  5
736
330
2
100
AcDbSymbolTableRecord
100
AcDbLayerTableRecord
  2
EPLAN422
 70
     0
 62
     7
  6
Continuous
370
    35
390
F
347
EE
348
0
1001
AcAecLayerStandard
1000

1000
Размещение свойства.Обозначения клемм
  0
LAYER
  5
737
330
2
100
AcDbSymbolTableRecord
100
AcDbLayerTableRecord
  2
EPLAN434
 70
     0
 62
     7
  6
Continuous
370
    35
390
F
347
EE
348
0
1001
AcAecLayerStandard
1000

1000
Размещение свойства.Описание клеммы
  0
LAYER
  5
738
330
2
100
AcDbSymbolTableRecord
100
AcDbLayerTableRecord
  2
EPLAN440
 70
     0
 62
    73
  6
Continuous
370
    35
390
F
347
EE
348
0
1001
AcAecLayerStandard
1000

1000
Размещение свойства.Перекрестные ссылки
  0
LAYER
  5
739
330
2
100
AcDbSymbolTableRecord
100
AcDbLayerTableRecord
  2
EPLAN442
 70
     0
 62
    73
  6
Continuous
370
    35
390
F
347
EE
348
0
1001
AcAecLayerStandard
1000

1000
Размещение свойства.Перекрестные ссылки точек разрыва
  0
LAYER
  5
73A
330
2
100
AcDbSymbolTableRecord
100
AcDbLayerTableRecord
  2
EPLAN451
 70
     0
 62
     7
  6
Continuous
370
    35
390
F
347
EE
348
0
1001
AcAecLayerStandard
1000

1000
Специальные тексты.Проекты
  0
LAYER
  5
73B
330
2
100
AcDbSymbolTableRecord
100
AcDbLayerTableRecord
  2
EPLAN452
 70
     0
 62
     7
  6
Continuous
370
    35
390
F
347
EE
348
0
1001
AcAecLayerStandard
1000

1000
Специальные тексты.Страницы
  0
LAYER
  5
73C
330
2
100
AcDbSymbolTableRecord
100
AcDbLayerTableRecord
  2
EPLAN500
 70
     0
 62
     7
  6
Continuous
370
    35
390
F
347
EE
348
0
1001
AcAecLayerStandard
1000

1000
Размещение свойства.Описывающий блок.Технические параметры
  0
LAYER
  5
73D
330
2
100
AcDbSymbolTableRecord
100
AcDbLayerTableRecord
  2
EPLAN501
 70
     0
 62
     7
  6
Continuous
370
    35
390
F
347
EE
348
0
1001
AcAecLayerStandard
1000

1000
Размещение свойства.Описывающий блок.Функциональные тексты
  0
LAYER
  5
73E
330
2
100
AcDbSymbolTableRecord
100
AcDbLayerTableRecord
  2
EPLAN502
 70
     0
 62
     7
  6
Continuous
370
    35
390
F
347
EE
348
0
1001
AcAecLayerStandard
1000

1000
Размещение свойства.Описывающий блок.Данные гравировки
  0
LAYER
  5
73F
330
2
100
AcDbSymbolTableRecord
100
AcDbLayerTableRecord
  2
EPLAN503
 70
     0
 62
     7
  6
Continuous
370
    35
390
F
347
EE
348
0
1001
AcAecLayerStandard
1000

1000
Размещение свойства.Описывающий блок.Места установки
  0
LAYER
  5
740
330
2
100
AcDbSymbolTableRecord
100
AcDbLayerTableRecord
  2
EPLAN504
 70
     0
 62
     7
  6
Continuous
370
    35
390
F
347
EE
348
0
1001
AcAecLayerStandard
1000

1000
Размещение свойства.Описывающий блок.Дополнительные поля
  0
LAYER
  5
741
330
2
100
AcDbSymbolTableRecord
100
AcDbLayerTableRecord
  2
EPLAN512
 70
     0
 62
     3
  6
Continuous
370
    35
390
F
347
EE
348
0
1001
AcAecLayerStandard
1000

1000
Размещение свойства.Свойства блока
  0
LAYER
  5
742
330
2
100
AcDbSymbolTableRecord
100
AcDbLayerTableRecord
  2
0_1
 70
     0
 62
     7
  6
Continuous
370
    25
390
F
347
EE
348
0
1001
AcAecLayerStandard
1000

1000
Импорт DXF / DWG
  0
LAYER
  5
743
330
2
100
AcDbSymbolTableRecord
100
AcDbLayerTableRecord
  2
Ebene 1_1
 70
     0
 62
     7
  6
Continuous
370
     0
390
F
347
EE
348
0
1001
AcAecLayerStandard
1000

1000
Ebene 1
  0
ENDTAB
  0
TABLE
  2
STYLE
  5
3
330
0
100
AcDbSymbolTable
 70
     4
  0
STYLE
  5
11
330
3
100
AcDbSymbolTableRecord
100
AcDbTextStyleTableRecord
  2
Standard
 70
     0
 40
0.0
 41
1.0
 50
0.0
 71
     0
 42
2.5
  3
arial.ttf
  4

1001
ACAD
1000
Arial
1071
       34
  0
STYLE
  5
132
330
3
100
AcDbSymbolTableRecord
100
AcDbTextStyleTableRecord
  2
Аннотативный
 70
     0
 40
0.0
 41
1.0
 50
0.0
 71
     0
 42
2.5
  3
arial.ttf
  4

1001
AcadAnnotative
1000
AnnotativeData
1002
{
1070
     1
1070
     1
1002
}
1001
ACAD
1000
Arial
1071
       34
  0
STYLE
  5
744
330
3
100
AcDbSymbolTableRecord
100
AcDbTextStyleTableRecord
  2
GOST Type BU
 70
     0
 40
0.0
 41
1.0
 50
0.0
 71
     0
 42
2.5
  3

  4

1001
ACAD
1000
GOST Type BU
1071
      256
  0
STYLE
  5
745
330
3
100
AcDbSymbolTableRecord
100
AcDbTextStyleTableRecord
  2
GOST Type BU_I
 70
     0
 40
0.0
 41
1.0
 50
0.0
 71
     0
 42
2.5
  3

  4

1001
ACAD
1000
GOST Type BU
1071
 16777472
  0
ENDTAB
  0
TABLE
  2
VIEW
  5
6
330
0
100
AcDbSymbolTable
 70
     0
  0
ENDTAB
  0
TABLE
  2
UCS
  5
7
330
0
100
AcDbSymbolTable
 70
     0
  0
ENDTAB
  0
TABLE
  2
APPID
  5
9
330
0
100
AcDbSymbolTable
 70
    10
  0
APPID
  5
12
330
9
100
AcDbSymbolTableRecord
100
AcDbRegAppTableRecord
  2
ACAD
 70
     0
  0
APPID
  5
9E
330
9
100
AcDbSymbolTableRecord
100
AcDbRegAppTableRecord
  2
ACAD_PSEXT
 70
     0
  0
APPID
  5
133
330
9
100
AcDbSymbolTableRecord
100
AcDbRegAppTableRecord
  2
AcadAnnoPO
 70
     0
  0
APPID
  5
134
330
9
100
AcDbSymbolTableRecord
100
AcDbRegAppTableRecord
  2
AcadAnnotative
 70
     0
  0
APPID
  5
135
330
9
100
AcDbSymbolTableRecord
100
AcDbRegAppTableRecord
  2
ACAD_DSTYLE_DIMJAG
 70
     0
  0
APPID
  5
136
330
9
100
AcDbSymbolTableRecord
100
AcDbRegAppTableRecord
  2
ACAD_DSTYLE_DIMTALN
 70
     0
  0
APPID
  5
165
330
9
100
AcDbSymbolTableRecord
100
AcDbRegAppTableRecord
  2
ACAD_MLEADERVER
 70
     0
  0
APPID
  5
217
330
9
100
AcDbSymbolTableRecord
100
AcDbRegAppTableRecord
  2
ACAD_NAV_VCDISPLAY
 70
     0
  0
APPID
  5
746
330
9
100
AcDbSymbolTableRecord
100
AcDbRegAppTableRecord
  2
AcAecLayerStandard
 70
     0
  0
APPID
  5
1350
330
9
100
AcDbSymbolTableRecord
100
AcDbRegAppTableRecord
  2
ACAD_EXEMPT_FROM_CAD_STANDARDS
 70
     0
  0
ENDTAB
  0
TABLE
  2
DIMSTYLE
  5
A
330
0
100
AcDbSymbolTable
 70
     3
100
AcDbDimStyleTable
 71
     2
340
27
340
137
  0
DIMSTYLE
105
1B0
330
A
100
AcDbSymbolTableRecord
100
AcDbDimStyleTableRecord
  2
Standard
 70
     0
340
11
  0
DIMSTYLE
105
137
330
A
100
AcDbSymbolTableRecord
100
AcDbDimStyleTableRecord
  2
Аннотативный
 70
     0
 40
0.0
 41
2.5
 42
0.625
 43
3.75
 44
1.25
 73
     0
 74
     0
 77
     1
 78
     8
140
2.5
141
2.5
143
0.03937007874016
147
0.625
171
     3
172
     1
271
     2
272
     2
274
     3
278
    44
283
     0
284
     8
340
11
1001
AcadAnnotative
1000
AnnotativeData
1002
{
1070
     1
1070
     1
1002
}
1001
ACAD_DSTYLE_DIMJAG
1070
   388
1040
1.5
1001
ACAD_DSTYLE_DIMTALN
1070
   392
1070
     0
  0
DIMSTYLE
105
27
330
A
100
AcDbSymbolTableRecord
100
AcDbDimStyleTableRecord
  2
ISO-25
 70
     0
 41
2.5
 42
0.625
 43
3.75
 44
1.25
 73
     0
 74
     0
 77
     1
 78
     8
140
2.5
141
2.5
143
0.03937007874016
147
0.625
171
     3
172
     1
271
     2
272
     2
274
     3
278
    44
283
     0
284
     8
340
11
  0
ENDTAB
  0
TABLE
  2
BLOCK_RECORD
  5
1
330
0
100
AcDbSymbolTable
 70
    14
  0
BLOCK_RECORD
  5
1F
102
{ACAD_XDICTIONARY
360
1CE
102
}
330
1
100
AcDbSymbolTableRecord
100
AcDbBlockTableRecord
  2
*Model_Space
340
22
 70
     0
280
     1
281
     0
  0
BLOCK_RECORD
  5
D2
330
1
100
AcDbSymbolTableRecord
100
AcDbBlockTableRecord
  2
*Paper_Space
340
D3
 70
     0
280
     1
281
     0
  0
BLOCK_RECORD
  5
D6
330
1
100
AcDbSymbolTableRecord
100
AcDbBlockTableRecord
  2
*Paper_Space0
340
D7
 70
     0
280
     1
281
     0
  0
BLOCK_RECORD
  5
52A
330
1
100
AcDbSymbolTableRecord
100
AcDbBlockTableRecord
  2
EPLFRAME
340
0
 70
     0
280
     1
281
     0
  0
BLOCK_RECORD
  5
672
330
1
100
AcDbSymbolTableRecord
100
AcDbBlockTableRecord
  2
EPLSYM_LibrarySPECIAL_Symbol0_Variant0_Placement1
340
0
 70
     0
280
     1
281
     0
  0
BLOCK_RECORD
  5
67D
330
1
100
AcDbSymbolTableRecord
100
AcDbBlockTableRecord
  2
EPLSYM_LibrarySPECIAL_Symbol17_Variant0_Placement1
340
0
 70
     0
280
     1
281
     0
  0
BLOCK_RECORD
  5
684
330
1
100
AcDbSymbolTableRecord
100
AcDbBlockTableRecord
  2
EPLSYM_LibrarySPECIAL_Symbol0_Variant0_Placement1_1
340
0
 70
     0
280
     1
281
     0
  0
BLOCK_RECORD
  5
68F
330
1
100
AcDbSymbolTableRecord
100
AcDbBlockTableRecord
  2
EPLSYM_LibrarySPECIAL_Symbol0_Variant0_Placement1_2
340
0
 70
     0
280
     1
281
     0
  0
BLOCK_RECORD
  5
69A
330
1
100
AcDbSymbolTableRecord
100
AcDbBlockTableRecord
  2
EPLSYM_LibrarySPECIAL_Symbol0_Variant0_Placement1_3
340
0
 70
     0
280
     1
281
     0
  0
BLOCK_RECORD
  5
6A5
330
1
100
AcDbSymbolTableRecord
100
AcDbBlockTableRecord
  2
EPLSYM_LibrarySPECIAL_Symbol0_Variant0_Placement1_4
340
0
 70
     0
280
     1
281
     0
  0
BLOCK_RECORD
  5
6B0
330
1
100
AcDbSymbolTableRecord
100
AcDbBlockTableRecord
  2
EPLSYM_LibrarySPECIAL_Symbol308_Variant0_Placement0
340
0
 70
     0
280
     1
281
     0
  0
BLOCK_RECORD
  5
6B8
330
1
100
AcDbSymbolTableRecord
100
AcDbBlockTableRecord
  2
EPLSYM_LibraryIEC_symbol_Symbol1413_Variant0_Placement1
340
0
 70
     0
280
     1
281
     0
  0
BLOCK_RECORD
  5
6C7
330
1
100
AcDbSymbolTableRecord
100
AcDbBlockTableRecord
  2
EPLSYM_LibrarySPECIAL_Symbol80_Variant0_Placement7
340
0
 70
     0
280
     1
281
     0
  0
BLOCK_RECORD
  5
6D3
330
1
100
AcDbSymbolTableRecord
100
AcDbBlockTableRecord
  2
EPLSYM_LibraryIEC_symbol_Symbol1528_Variant0_Placement1
340
0
 70
     0
280
     1
281
     0
  0
BLOCK_RECORD
  5
712
330
1
100
AcDbSymbolTableRecord
100
AcDbBlockTableRecord
  2
EPLSYM_LibrarySPECIAL_Symbol0_Variant0_Placement1_5
340
0
 70
     0
280
     1
281
     0
  0
BLOCK_RECORD
  5
71D
330
1
100
AcDbSymbolTableRecord
100
AcDbBlockTableRecord
  2
EPLSYM_LibraryStrelki_Symbol8_Variant0_Placement1
340
0
 70
     0
280
     1
281
     0
  0
ENDTAB
  0
ENDSEC
  0
SECTION
  2
BLOCKS
  0
BLOCK
  5
20
330
1F
100
AcDbEntity
  8
0
100
AcDbBlockBegin
  2
*Model_Space
 70
     0
 10
0.0
 20
0.0
 30
0.0
  3
*Model_Space
  1

  0
ENDBLK
  5
21
330
1F
100
AcDbEntity
  8
0
100
AcDbBlockEnd
  0
BLOCK
  5
D4
330
D2
100
AcDbEntity
 67
     1
  8
0
100
AcDbBlockBegin
  2
*Paper_Space
 70
     0
 10
0.0
 20
0.0
 30
0.0
  3
*Paper_Space
  1

  0
ENDBLK
  5
D5
330
D2
100
AcDbEntity
 67
     1
  8
0
100
AcDbBlockEnd
  0
BLOCK
  5
D8
330
D6
100
AcDbEntity
 67
     1
  8
0
100
AcDbBlockBegin
  2
*Paper_Space0
 70
     0
 10
0.0
 20
0.0
 30
0.0
  3
*Paper_Space0
  1

  0
ENDBLK
  5
D9
330
D6
100
AcDbEntity
 67
     1
  8
0
100
AcDbBlockEnd
  0
BLOCK
  5
52B
330
52A
100
AcDbEntity
  8
0
100
AcDbBlockBegin
  2
EPLFRAME
 70
     2
 10
0.0
 20
0.0
 30
0.0
  3
EPLFRAME
  1

  0
TEXT
  5
52C
330
52A
100
AcDbEntity
  8
EPLAN201
 62
     7
100
AcDbText
 10
384.6913626237624
 20
41.119
 30
0.0
 40
2.197499999999998
  1
Масса
  7
GOST Type BU
 72
     1
 11
388.5
 21
42.21775
 31
0.0
100
AcDbText
 73
     2
  0
LWPOLYLINE
  5
52D
330
52A
100
AcDbEntity
  8
EPLAN201
  6
Continuous
 62
     7
 48
4.0
370
    35
100
AcDbPolyline
 90
        4
 70
     1
 43
0.0
 10
380.0
 20
40.0
 10
397.0
 20
40.0
 10
397.0
 20
44.87499999999999
 10
380.0
 20
44.87499999999999
  0
TEXT
  5
52E
330
52A
100
AcDbEntity
  8
EPLAN201
 62
     7
100
AcDbText
 10
274.0188117284611
 20
36.18150000000001
 30
0.0
 40
2.197499999999998
  1
Подп.
  7
GOST Type BU
 72
     1
 11
277.499999847273
 21
37.28025000000001
 31
0.0
100
AcDbText
 73
     2
  0
LWPOLYLINE
  5
52F
330
52A
100
AcDbEntity
  8
EPLAN201
  6
Continuous
 62
     7
 48
4.0
370
    35
100
AcDbPolyline
 90
        4
 70
     1
 43
0.0
 10
269.999999871388
 20
35.0
 10
284.999999823158
 20
35.0
 10
284.999999823158
 20
40.0
 10
269.999999871388
 20
40.0
  0
TEXT
  5
530
330
52A
100
AcDbEntity
  8
EPLAN201
 62
     7
100
AcDbText
 10
252.2991335990603
 20
36.18150000000001
 30
0.0
 40
2.197499999999998
  1
№ докум.
  7
GOST Type BU
 72
     1
 11
258.499999935694
 21
37.28025000000001
 31
0.0
100
AcDbText
 73
     2
  0
LWPOLYLINE
  5
531
330
52A
100
AcDbEntity
  8
EPLAN201
  6
Continuous
 62
     7
 48
4.0
370
    35
100
AcDbPolyline
 90
        4
 70
     1
 43
0.0
 10
247.0
 20
35.0
 10
269.999999871388
 20
35.0
 10
269.999999871388
 20
40.0
 10
247.0
 20
40.0
  0
TEXT
  5
532
330
52A
100
AcDbEntity
  8
EPLAN201
 62
     7
100
AcDbText
 10
11.63700000000003
 20
9.297029702970307
 30
0.0
 40
2.197499999999998
  1
Инв. № подл.
 50
90.00000000000019
  7
GOST Type BU
 72
     1
 11
9.4395
 21
18.0
 31
0.0
100
AcDbText
 73
     3
  0
TEXT
  5
533
330
52A
100
AcDbEntity
  8
EPLAN201
 62
     7
100
AcDbText
 10
380.7321782178218
 20
0.7832673267326729
 30
0.0
 40
2.197499999999998
  1
Формат  А3
  7
GOST Type BU
 72
     1
 11
389.0
 21
0.0
 31
0.0
100
AcDbText
 73
     1
  0
TEXT
  5
534
330
52A
100
AcDbEntity
  8
EPLAN201
 62
     7
100
AcDbText
 10
11.63700000000003
 20
39.18715470297031
 30
0.0
 40
2.197499999999998
  1
Подп. и дата
 50
90.00000000000019
  7
GOST Type BU
 72
     1
 11
9.4395
 21
48.0
 31
0.0
100
AcDbText
 73
     3
  0
TEXT
  5
535
330
52A
100
AcDbEntity
  8
EPLAN201
 62
     7
100
AcDbText
 10
231.0
 20
31.18150000000001
 30
0.0
 40
2.197499999999998
  1
Разраб.
  7
GOST Type BU
 11
231.0
 21
32.28025000000001
 31
0.0
100
AcDbText
 73
     2
  0
TEXT
  5
536
330
52A
100
AcDbEntity
  8
EPLAN201
 62
     7
100
AcDbText
 10
369.5627475247525
 20
41.119
 30
0.0
 40
2.197499999999998
  1
Лит.
  7
GOST Type BU
 72
     1
 11
372.5
 21
42.21775
 31
0.0
100
AcDbText
 73
     2
  0
LWPOLYLINE
  5
537
330
52A
100
AcDbEntity
  8
EPLAN201
  6
Continuous
 62
     7
 48
4.0
370
    35
100
AcDbPolyline
 90
        4
 70
     1
 43
0.0
 10
365.0
 20
40.0
 10
380.0
 20
40.0
 10
380.0
 20
44.87499999999999
 10
365.0
 20
44.87499999999999
  0
LWPOLYLINE
  5
538
330
52A
100
AcDbEntity
  8
EPLAN201
  6
Continuous
 62
     7
 48
4.0
370
    35
100
AcDbPolyline
 90
        4
 70
     1
 43
0.0
 10
20.0
 20
5.0
 10
415.0
 20
5.0
 10
415.0
 20
292.0
 10
20.0
 20
292.0
  0
TEXT
  5
539
330
52A
100
AcDbEntity
  8
EPLAN201
 62
     7
100
AcDbText
 10
11.63700000000003
 20
69.24263613861388
 30
0.0
 40
2.197499999999998
  1
Взам. инв. №
 50
90.00000000000019
  7
GOST Type BU
 72
     1
 11
9.4395
 21
78.0
 31
0.0
100
AcDbText
 73
     3
  0
TEXT
  5
53A
330
52A
100
AcDbEntity
  8
EPLAN201
 62
     7
100
AcDbText
 10
231.0
 20
26.1815
 30
0.0
 40
2.197499999999998
  1
Пров.
  7
GOST Type BU
 11
231.0
 21
27.28025
 31
0.0
100
AcDbText
 73
     2
  0
TEXT
  5
53B
330
52A
100
AcDbEntity
  8
EPLAN201
 62
     7
100
AcDbText
 10
314.5
 20
0.7832673267326729
 30
0.0
 40
2.197499999999998
  1
Копировал
  7
GOST Type BU
 11
314.5
 21
0.0
 31
0.0
100
AcDbText
 73
     1
  0
TEXT
  5
53C
330
52A
100
AcDbEntity
  8
EPLAN201
 62
     7
100
AcDbText
 10
400.1254950495049
 20
41.18149999999999
 30
0.0
 40
2.197499999999998
  1
Масштаб
  7
GOST Type BU
 72
     1
 11
406.0
 21
42.28025
 31
0.0
100
AcDbText
 73
     2
  0
LWPOLYLINE
  5
53D
330
52A
100
AcDbEntity
  8
EPLAN201
  6
Continuous
 62
     7
 48
4.0
370
    35
100
AcDbPolyline
 90
        4
 70
     1
 43
0.0
 10
397.0
 20
40.0
 10
415.0
 20
40.0
 10
415.0
 20
45.0
 10
397.0
 20
45.0
  0
TEXT
  5
53E
330
52A
100
AcDbEntity
  8
EPLAN201
 62
     7
100
AcDbText
 10
230.8268642257138
 20
36.18150000000001
 30
0.0
 40
2.197499999999998
  1
Изм.
  7
GOST Type BU
 72
     1
 11
233.600936007892
 21
37.28025000000001
 31
0.0
100
AcDbText
 73
     2
  0
LWPOLYLINE
  5
53F
330
52A
100
AcDbEntity
  8
EPLAN201
  6
Continuous
 62
     7
 48
4.0
370
    35
100
AcDbPolyline
 90
        4
 70
     1
 43
0.0
 10
230.100936007892
 20
35.0
 10
237.100936007892
 20
35.0
 10
237.100936007892
 20
40.0
 10
230.100936007892
 20
40.0
  0
LWPOLYLINE
  5
540
330
52A
100
AcDbEntity
  8
EPLAN201
 62
     7
 48
4.0
100
AcDbPolyline
 90
        4
 70
     1
 43
0.0
 10
0.0
 20
0.0
 10
420.0
 20
0.0
 10
420.0
 20
297.0
 10
0.0
 20
297.0
  0
LINE
  5
541
330
52A
100
AcDbEntity
  8
EPLAN201
 62
     7
 48
4.0
100
AcDbLine
 10
20.0
 20
5.0
 30
0.0
 11
8.0
 21
5.0
 31
0.0
  0
LINE
  5
542
330
52A
100
AcDbEntity
  8
EPLAN201
 62
     7
 48
4.0
100
AcDbLine
 10
8.0
 20
5.0
 30
0.0
 11
8.0
 21
150.0
 31
0.0
  0
LINE
  5
543
330
52A
100
AcDbEntity
  8
EPLAN201
 62
     7
 48
4.0
100
AcDbLine
 10
20.0
 20
30.0
 30
0.0
 11
8.0
 21
30.0
 31
0.0
  0
LINE
  5
544
330
52A
100
AcDbEntity
  8
EPLAN201
 62
     7
 48
4.0
100
AcDbLine
 10
20.0
 20
65.0
 30
0.0
 11
8.0
 21
65.0
 31
0.0
  0
LINE
  5
545
330
52A
100
AcDbEntity
  8
EPLAN201
 62
     7
 48
4.0
100
AcDbLine
 10
14.0
 20
150.0
 30
0.0
 11
14.0
 21
5.0
 31
0.0
  0
LWPOLYLINE
  5
546
330
52A
100
AcDbEntity
  8
EPLAN201
 62
     7
 48
4.0
100
AcDbPolyline
 90
        4
 70
     1
 43
0.0
 10
230.0
 20
5.0
 10
415.0
 20
5.0
 10
415.0
 20
60.0
 10
230.0
 20
60.0
  0
LINE
  5
547
330
52A
100
AcDbEntity
  8
EPLAN201
 62
     7
 48
4.0
100
AcDbLine
 10
295.0
 20
60.0
 30
0.0
 11
295.0
 21
5.0
 31
0.0
  0
LINE
  5
548
330
52A
100
AcDbEntity
  8
EPLAN201
 62
     7
 48
4.0
100
AcDbLine
 10
365.0
 20
45.0
 30
0.0
 11
364.999999884807
 21
4.999215099032988
 31
0.0
  0
LINE
  5
549
330
52A
100
AcDbEntity
  8
EPLAN201
 62
     7
 48
4.0
100
AcDbLine
 10
246.999998244799
 20
60.0013632482425
 30
0.0
 11
246.999998244799
 21
5.001363248241999
 31
0.0
  0
LINE
  5
54A
330
52A
100
AcDbEntity
  8
EPLAN201
 62
     7
 48
4.0
100
AcDbLine
 10
269.999999871388
 20
60.00320764324428
 30
0.0
 11
269.999999871388
 21
5.003207643244
 31
0.0
  0
LINE
  5
54B
330
52A
100
AcDbEntity
  8
EPLAN201
 62
     7
 48
4.0
100
AcDbLine
 10
284.999999823158
 20
60.00441050946101
 30
0.0
 11
284.999999823158
 21
5.004410509460998
 31
0.0
  0
LINE
  5
54C
330
52A
100
AcDbEntity
  8
EPLAN201
 62
     7
 48
4.0
100
AcDbLine
 10
236.999999977493
 20
60.00056133756778
 30
0.0
 11
236.999999977493
 21
35.00056133756781
 31
0.0
  0
LINE
  5
54D
330
52A
100
AcDbEntity
  8
EPLAN201
 62
     7
 48
4.0
100
AcDbLine
 10
230.0
 20
45.0
 30
0.0
 11
295.0
 21
45.0
 31
0.0
  0
LINE
  5
54E
330
52A
100
AcDbEntity
  8
EPLAN201
 62
     7
 48
4.0
100
AcDbLine
 10
230.0
 20
20.0
 30
0.0
 11
365.0
 21
20.0
 31
0.0
  0
LINE
  5
54F
330
52A
100
AcDbEntity
  8
EPLAN201
 62
     7
 48
4.0
100
AcDbLine
 10
230.0
 20
55.0
 30
0.0
 11
295.0
 21
55.0
 31
0.0
  0
LINE
  5
550
330
52A
100
AcDbEntity
  8
EPLAN201
 62
     7
 48
4.0
100
AcDbLine
 10
295.0
 20
45.0
 30
0.0
 11
415.0
 21
45.0
 31
0.0
  0
LINE
  5
551
330
52A
100
AcDbEntity
  8
EPLAN201
 62
     7
 48
4.0
100
AcDbLine
 10
230.0
 20
40.0
 30
0.0
 11
295.0
 21
40.0
 31
0.0
  0
LINE
  5
552
330
52A
100
AcDbEntity
  8
EPLAN201
 62
     7
 48
4.0
100
AcDbLine
 10
230.0
 20
10.0
 30
0.0
 11
295.0
 21
10.0
 31
0.0
  0
LINE
  5
553
330
52A
100
AcDbEntity
  8
EPLAN201
 62
     7
 48
4.0
100
AcDbLine
 10
230.0
 20
15.0
 30
0.0
 11
295.0
 21
15.0
 31
0.0
  0
LINE
  5
554
330
52A
100
AcDbEntity
  8
EPLAN201
 62
     7
 48
4.0
100
AcDbLine
 10
230.0
 20
25.0
 30
0.0
 11
295.0
 21
25.0
 31
0.0
  0
LINE
  5
555
330
52A
100
AcDbEntity
  8
EPLAN201
 62
     7
 48
4.0
100
AcDbLine
 10
230.0
 20
30.0
 30
0.0
 11
295.0
 21
30.0
 31
0.0
  0
LINE
  5
556
330
52A
100
AcDbEntity
  8
EPLAN201
 62
     7
 48
4.0
100
AcDbLine
 10
364.999999884807
 20
40.0
 30
0.0
 11
415.0
 21
40.0
 31
0.0
  0
LINE
  5
557
330
52A
100
AcDbEntity
  8
EPLAN201
 62
     7
 48
4.0
100
AcDbLine
 10
380.0
 20
45.0
 30
0.0
 11
380.0
 21
25.0
 31
0.0
  0
LINE
  5
558
330
52A
100
AcDbEntity
  8
EPLAN201
 62
     7
 48
4.0
100
AcDbLine
 10
397.0
 20
45.0
 30
0.0
 11
397.0
 21
25.0
 31
0.0
  0
TEXT
  5
559
330
52A
100
AcDbEntity
  8
EPLAN201
 62
     7
100
AcDbText
 10
238.7363861386138
 20
36.18150000000001
 30
0.0
 40
2.197499999999998
  1
Лист
  7
GOST Type BU
 72
     1
 11
242.0
 21
37.28025000000001
 31
0.0
100
AcDbText
 73
     2
  0
LWPOLYLINE
  5
55A
330
52A
100
AcDbEntity
  8
EPLAN201
  6
Continuous
 62
     7
 48
4.0
370
    35
100
AcDbPolyline
 90
        4
 70
     1
 43
0.0
 10
237.0
 20
35.0
 10
247.0
 20
35.0
 10
247.0
 20
40.0
 10
237.0
 20
40.0
  0
ATTDEF
  5
55B
330
52A
100
AcDbEntity
  8
EPLAN452
 62
     7
100
AcDbText
 10
363.5141831683168
 20
30.6541
 30
0.0
 40
3.076499999999998
  1
4_11901[4]
  7
GOST Type BU
 72
     1
 11
372.5
 21
32.19235
 31
0.0
100
AcDbAttributeDefinition
280
     0
  3
Доп. поле[4]
  2
4_11901[4]
 70
     0
 74
     2
280
     0
  0
LINE
  5
55C
330
52A
100
AcDbEntity
  8
EPLAN201
 62
     7
 48
4.0
100
AcDbLine
 10
20.0
 20
90.0
 30
0.0
 11
8.0
 21
90.0
 31
0.0
  0
LINE
  5
55D
330
52A
100
AcDbEntity
  8
EPLAN201
 62
     7
 48
4.0
100
AcDbLine
 10
20.0
 20
115.0
 30
0.0
 11
8.0
 21
115.0
 31
0.0
  0
LINE
  5
55E
330
52A
100
AcDbEntity
  8
EPLAN201
 62
     7
 48
4.0
100
AcDbLine
 10
20.0
 20
150.0
 30
0.0
 11
8.0
 21
150.0
 31
0.0
  0
TEXT
  5
55F
330
52A
100
AcDbEntity
  8
EPLAN201
 62
     7
100
AcDbText
 10
11.63700000000003
 20
94.29702970297032
 30
0.0
 40
2.197499999999998
  1
Инв. № дубл.
 50
90.00000000000019
  7
GOST Type BU
 72
     1
 11
9.4395
 21
103.0
 31
0.0
100
AcDbText
 73
     3
  0
TEXT
  5
560
330
52A
100
AcDbEntity
  8
EPLAN201
 62
     7
100
AcDbText
 10
11.63700000000003
 20
124.1871547029703
 30
0.0
 40
2.197499999999998
  1
Подп. и дата
 50
90.00000000000019
  7
GOST Type BU
 72
     1
 11
9.4395
 21
133.0
 31
0.0
100
AcDbText
 73
     3
  0
TEXT
  5
561
330
52A
100
AcDbEntity
  8
EPLAN201
 62
     7
100
AcDbText
 10
231.0
 20
11.1815
 30
0.0
 40
2.197499999999998
  1
Н. контр.
  7
GOST Type BU
 11
231.0
 21
12.28025
 31
0.0
100
AcDbText
 73
     2
  0
TEXT
  5
562
330
52A
100
AcDbEntity
  8
EPLAN201
 62
     7
100
AcDbText
 10
231.0
 20
6.181499999999999
 30
0.0
 40
2.197499999999998
  1
Утв.
  7
GOST Type BU
 11
231.0
 21
7.280249999999998
 31
0.0
100
AcDbText
 73
     2
  0
LINE
  5
563
330
52A
100
AcDbEntity
  8
EPLAN201
 62
     7
 48
4.0
100
AcDbLine
 10
230.0
 20
35.0
 30
0.0
 11
295.0
 21
35.0
 31
0.0
  0
LINE
  5
564
330
52A
100
AcDbEntity
  8
EPLAN201
 62
     7
 48
4.0
100
AcDbLine
 10
230.0
 20
50.0
 30
0.0
 11
295.0
 21
50.0
 31
0.0
  0
LINE
  5
565
330
52A
100
AcDbEntity
  8
EPLAN201
 62
     7
 48
4.0
100
AcDbLine
 10
365.0
 20
25.0
 30
0.0
 11
415.0
 21
25.0
 31
0.0
  0
LINE
  5
566
330
52A
100
AcDbEntity
  8
EPLAN201
 62
     7
 48
4.0
100
AcDbLine
 10
364.999999884807
 20
20.0
 30
0.0
 11
415.0
 21
20.0
 31
0.0
  0
TEXT
  5
567
330
52A
100
AcDbEntity
  8
EPLAN201
 62
     7
100
AcDbText
 10
367.2363861386139
 20
21.1815
 30
0.0
 40
2.197499999999998
  1
Лист
  7
GOST Type BU
 72
     1
 11
370.5
 21
22.28025
 31
0.0
100
AcDbText
 73
     2
  0
LINE
  5
568
330
52A
100
AcDbEntity
  8
EPLAN201
 62
     7
 48
4.0
100
AcDbLine
 10
370.0
 20
40.0
 30
0.0
 11
370.0
 21
25.0
 31
0.0
  0
LINE
  5
569
330
52A
100
AcDbEntity
  8
EPLAN201
 62
     7
 48
4.0
100
AcDbLine
 10
375.0
 20
40.0
 30
0.0
 11
375.0
 21
25.0
 31
0.0
  0
LINE
  5
56A
330
52A
100
AcDbEntity
  8
EPLAN201
 62
     7
 48
4.0
100
AcDbLine
 10
385.0
 20
25.0
 30
0.0
 11
385.0
 21
20.0
 31
0.0
  0
LINE
  5
56B
330
52A
100
AcDbEntity
  8
EPLAN201
 62
     7
 48
4.0
100
AcDbLine
 10
90.0
 20
278.0
 30
0.0
 11
20.0
 21
278.0
 31
0.0
  0
LINE
  5
56C
330
52A
100
AcDbEntity
  8
EPLAN201
 62
     7
 48
4.0
100
AcDbLine
 10
90.0
 20
292.0
 30
0.0
 11
90.0
 21
278.0
 31
0.0
  0
ATTDEF
  5
56D
330
52A
100
AcDbEntity
  8
EPLAN451
 62
     7
100
AcDbText
 10
325.0915247524753
 20
40.11721188464235
 30
0.0
 40
2.06565
  1
14_10011
  7
GOST Type BU
 72
     1
 11
330.0
 21
41.15003688464236
 31
0.0
100
AcDbAttributeDefinition
280
     0
  3
Описание проекта
  2
14_10011
 70
     0
 74
     2
280
     0
  0
ATTDEF
  5
56E
330
52A
100
AcDbEntity
  8
EPLAN452
 62
     7
100
AcDbText
 10
321.4058168316832
 20
11.4315
 30
0.0
 40
2.197499999999998
  1
4_20136_1002
  7
GOST Type BU
 72
     1
 11
330.0
 21
12.53025
 31
0.0
100
AcDbAttributeDefinition
280
     0
  3
Вид документа_Описание структуры
  2
4_20136_1002
 70
     0
 74
     2
280
     0
  0
ATTDEF
  5
56F
330
52A
100
AcDbEntity
  8
EPLAN452
 62
     7
100
AcDbText
 10
321.514603960396
 20
20.6815
 30
0.0
 40
2.197499999999998
  1
4_20134_1001
  7
GOST Type BU
 72
     1
 11
330.0
 21
21.78025
 31
0.0
100
AcDbAttributeDefinition
280
     0
  3
Место установки_Полный структурный идентификатор
  2
4_20134_1001
 70
     0
 74
     2
280
     0
  0
ATTDEF
  5
570
330
52A
100
AcDbEntity
  8
EPLAN451
 62
     7
100
AcDbText
 10
247.999999891484
 20
31.18150000000001
 30
0.0
 40
2.197499999999998
  1
14_40001
  7
GOST Type BU
 11
247.999999891484
 21
32.28025000000001
 31
0.0
100
AcDbAttributeDefinition
280
     0
  3
Разработал
  2
14_40001
 70
     0
 74
     2
280
     0
  0
ATTDEF
  5
571
330
52A
100
AcDbEntity
  8
EPLAN451
 62
     7
100
AcDbText
 10
248.0
 20
26.1815
 30
0.0
 40
2.197499999999998
  1
14_40002
  7
GOST Type BU
 11
248.0
 21
27.28025
 31
0.0
100
AcDbAttributeDefinition
280
     0
  3
Проверил
  2
14_40002
 70
     0
 74
     2
280
     0
  0
ATTDEF
  5
572
330
52A
100
AcDbEntity
  8
EPLAN451
 62
     7
100
AcDbText
 10
248.0
 20
11.1815
 30
0.0
 40
2.197499999999998
  1
14_40003
  7
GOST Type BU
 11
248.0
 21
12.28025
 31
0.0
100
AcDbAttributeDefinition
280
     0
  3
Н. контр.
  2
14_40003
 70
     0
 74
     2
280
     0
  0
ATTDEF
  5
573
330
52A
100
AcDbEntity
  8
EPLAN451
 62
     7
100
AcDbText
 10
248.0
 20
6.181499999999999
 30
0.0
 40
2.197499999999998
  1
14_40004
  7
GOST Type BU
 11
248.0
 21
7.280249999999998
 31
0.0
100
AcDbAttributeDefinition
280
     0
  3
Утвердил
  2
14_40004
 70
     0
 74
     2
280
     0
  0
LWPOLYLINE
  5
574
330
52A
100
AcDbEntity
  8
Ebene 1_1
  6
ByBlock
 62
   142
 48
35.20000076293945
370
     9
100
AcDbPolyline
 90
      318
 70
     0
 43
0.0
 10
275.1051565920773
 20
33.63504015268533
 10
274.5245808675312
 20
32.28013676186112
 10
274.3740895395118
 20
31.94371355143293
 10
274.2304427422491
 20
31.60440532401219
 10
274.1653626846414
 20
31.43200209698541
 10
274.106246207318
 20
31.25733102473465
 10
273.9974915263907
 20
30.90567350255223
 10
273.8844728673339
 20
30.55379837777109
 10
273.827623810728
 20
30.37680929428932
 10
273.7671764362884
 20
30.21024573022851
 10
273.7251999616369
 20
30.12136687521433
 10
273.6975742190412
 20
30.0752374014715
 10
273.6641750117042
 20
30.04119362105106
 10
273.645003687116
 20
30.03296602400237
 10
273.6240374234541
 20
30.03284772710386
 10
273.5822591646535
 20
30.05394062744997
 10
273.5520416482142
 20
30.08873603177946
 10
273.5312094464381
 20
30.13064323442597
 10
273.4721634688916
 20
30.30687268244579
 10
273.4175538352824
 20
30.48216226553233
 10
273.3838718352644
 20
30.56809710657402
 10
273.3412520109292
 20
30.64994475812601
 10
273.3001496947584
 20
30.73240527330694
 10
273.2862032477223
 20
30.77672360064687
 10
273.2797677115128
 20
30.82374569415558
 10
273.2826574055827
 20
30.87067930351456
 10
273.2965819267032
 20
30.91408325422524
 10
273.321716290302
 20
30.95187253004368
 10
273.3539958803611
 20
30.98570881163728
 10
273.4890139689471
 20
31.11364745146111
 10
273.7576258396436
 20
31.36415967107483
 10
273.894501893456
 20
31.48831729671576
 10
274.0343662404623
 20
31.60815410857004
 10
274.1833015507579
 20
31.71648068528757
 10
274.3298793117632
 20
31.82809811492619
 10
274.4667754636191
 20
31.95164739566591
 10
274.5970903766029
 20
32.08212227345038
 10
274.7275554109727
 20
32.21211546085094
 10
274.8642831974834
 20
32.33551580359491
 10
275.0025696672504
 20
32.45737993086513
 10
275.1353082852441
 20
32.58516783161342
 10
275.2616965143467
 20
32.71937095227736
 10
275.3833936887889
 20
32.85783905303383
 10
275.6229792018858
 20
33.13774917802748
 10
275.8693113315416
 20
33.41138924930519
 10
276.1113725378308
 20
33.69018039189478
 10
276.3456824416839
 20
33.97570868990746
 10
276.4670441753623
 20
34.11214901013951
 10
276.5939613970488
 20
34.24213769743625
 10
276.7243745378416
 20
34.37190526233119
 10
276.8556826600314
 20
34.50853444473125
 10
276.9197948792731
 20
34.57856327843131
 10
276.9800190323881
 20
34.64391292349797
 10
277.0351602469352
 20
34.70154992135541
 10
277.0921825070949
 20
34.76289724330261
 10
277.1245865526745
 20
34.80032380766798
 10
277.1612875215463
 20
34.84511468619279
 10
277.2015160921335
 20
34.89773881726561
 10
277.2180149016218
 20
34.92328148280659
 10
277.227860316074
 20
34.94501420378313
 10
277.2278564878778
 20
34.96045311635521
 10
277.2148840602532
 20
34.96715227289615
 10
277.1663907760352
 20
34.95894546842132
 10
277.1242714831698
 20
34.93950828284073
 10
277.0871984468926
 20
34.91451616707982
 10
276.9442187628222
 20
34.79783461037133
 10
276.8100775744743
 20
34.67121428424307
 10
276.5500349313804
 20
34.41065352359986
 10
276.2984968033189
 20
34.14130259617935
 10
276.0499636809531
 20
33.86896954258575
 10
275.9253954735956
 20
33.73299182909239
 10
275.8054037011066
 20
33.5933201569072
 10
275.6933656252664
 20
33.44724632394135
 10
275.5862421671739
 20
33.29719607831015
 10
275.3697196949106
 20
32.99884301046806
 10
275.153445120844
 20
32.70061682018699
 10
274.9460319678498
 20
32.39609688597671
 10
274.7526323487614
 20
32.08177328329977
 10
274.664605415467
 20
31.91975319035663
 10
274.5850941037863
 20
31.75374113498074
 10
274.3098389595723
 20
31.0696261383077
 10
274.2821654869612
 20
30.98206386136971
 10
274.2619081760348
 20
30.89263968192896
 10
274.2555021628879
 20
30.80047245271123
 10
274.2596378667067
 20
30.75307412332521
 10
274.2698334494964
 20
30.70474979408685
 10
274.2877383207956
 20
30.65882903760286
 10
274.3159190711298
 20
30.62263168960001
 10
274.3346816932726
 20
30.61053987681641
 10
274.3565744975732
 20
30.60346802101563
 10
274.4035103226576
 20
30.60379583267976
 10
274.4456912450814
 20
30.62098542484195
 10
274.482357896738
 20
30.64996980353632
 10
274.5456618496083
 20
30.72146751001471
 10
274.6018623898338
 20
30.79400677092238
 10
274.6531878916509
 20
30.86946653423109
 10
274.7495473954176
 20
31.02716185948424
 10
274.9379382365298
 20
31.34358471509561
 10
275.1152864877055
 20
31.66679173693773
 10
275.200259241455
 20
31.83028655753268
 10
275.2797336705163
 20
31.99643495127072
 10
275.4275024794475
 20
32.33409596723389
 10
275.5796503708692
 20
32.6697135269395
 10
275.7333870096989
 20
33.00457631780144
 10
275.7984615375915
 20
33.17720338379765
 10
275.8663569108289
 20
33.34774637108564
 10
275.9397522496441
 20
33.51733432484837
 10
276.0046813138205
 20
33.69106380395413
 10
276.0455434049881
 20
33.76720470842295
 10
276.066724859329
 20
33.8080007033501
 10
276.0858412322247
 20
33.85666720984721
 10
276.098677170981
 20
33.90878870310766
 10
276.0996399207132
 20
33.92772192026464
 10
276.0952056406181
 20
33.93686186759411
 10
276.0853583076603
 20
33.93554886300075
 10
276.0711031746044
 20
33.92556768530408
 10
276.0335035315125
 20
33.88701042484
 10
275.9504512082275
 20
33.78661366896524
 10
275.9154406866513
 20
33.74359434572546
 10
275.8847891157367
 20
33.7055764816813
 10
275.8328990136561
 20
33.63860629864013
 10
275.7874532775131
 20
33.57382545476208
 10
275.7416953219802
 20
33.50082749129946
 10
275.6933726468899
 20
33.42081012526792
 10
275.5891369952789
 20
33.26371854553168
 10
275.4820685216919
 20
33.115073986892
 10
275.3842639804677
 20
32.96051107885606
 10
275.2137405912777
 20
32.63293717966276
 10
275.0429467032592
 20
32.30650792693765
 10
274.9597920104115
 20
32.14207649689025
 10
274.8873789507285
 20
31.97271059803498
 10
274.8151908660665
 20
31.80319641640362
 10
274.7372368514696
 20
31.63622957824963
 10
274.6637725921088
 20
31.46720739095472
 10
274.6025432158856
 20
31.2933898154313
 10
274.5793120718915
 20
31.20417730447362
 10
274.5636235645688
 20
31.11308918617019
 10
274.5596533498081
 20
31.02059223409741
 10
274.5654866768179
 20
30.97469736934708
 10
274.578647778144
 20
30.92972852984636
 10
274.6005632569341
 20
30.88827240888396
 10
274.632525179497
 20
30.85465483130363
 10
274.6744424017529
 20
30.83259125928111
 10
274.7211861504913
 20
30.82336385219233
 10
274.7665082652446
 20
30.82768434030362
 10
274.806645545784
 20
30.84505898180232
 10
274.8421095604598
 20
30.87292031390244
 10
274.8738339188326
 20
30.9084961385922
 10
274.9816421126811
 20
31.07405748823034
 10
275.0851097022504
 20
31.22318959810212
 10
275.3078751558039
 20
31.51678764728361
 10
275.4163300069752
 20
31.66582948630458
 10
275.5189548539854
 20
31.81838502654703
 10
275.7100280525429
 20
32.13381624158749
 10
275.8977294705054
 20
32.45093195629733
 10
276.0949140200078
 20
32.76117981183201
 10
276.2871188770577
 20
33.07904850145196
 10
276.3796265500847
 20
33.22462372509873
 10
276.4322189831091
 20
33.30377739486028
 10
276.4939900526839
 20
33.39604548125709
 10
276.5243306389973
 20
33.44131324168357
 10
276.5487986458055
 20
33.47774907994693
 10
276.5631081517164
 20
33.4989269157813
 10
276.5653083159663
 20
33.50207703766692
 10
276.5642730108537
 20
33.50036903116624
 10
276.5535723374006
 20
33.48399132879583
 10
276.533158821076
 20
33.45301920024959
 10
276.5051851515984
 20
33.41067803710703
 10
276.4718040186867
 20
33.36019323094767
 10
276.3974301214359
 20
33.24769425589663
 10
276.3270980363075
 20
33.1410765975861
 10
276.269639198524
 20
33.05314589347046
 10
276.221878723217
 20
32.97810819190316
 10
276.1389578294145
 20
32.83765950017644
 10
276.0527301392418
 20
32.6788413726832
 10
275.9601781415478
 20
32.51341203899009
 10
275.8658687902378
 20
32.3547269817801
 10
275.783253036487
 20
32.19128535553986
 10
275.70996378367
 20
32.02175723740333
 10
275.6345524948472
 20
31.85377449493834
 10
275.6005335473228
 20
31.76811381056197
 10
275.5743810396761
 20
31.67894232145278
 10
275.5698938923977
 20
31.63290136900771
 10
275.5771940879587
 20
31.58611299498741
 10
275.5997120323943
 20
31.54033930823709
 10
275.6337963290009
 20
31.50614680174226
 10
275.6532686296588
 20
31.49764805155145
 10
275.6733770559036
 20
31.49690024116074
 10
275.7138168846282
 20
31.51530091862531
 10
275.7524184801099
 20
31.54962979360802
 10
275.7868026163925
 20
31.58776072530256
 10
275.8435982811779
 20
31.66169275115761
 10
275.8929326406308
 20
31.73475252819383
 10
275.9949248978747
 20
31.88539384800411
 10
276.1995467990439
 20
32.19566418617843
 10
276.3960415885242
 20
32.50484688380205
 10
276.6056071633545
 20
32.81550980395788
 10
276.7045679710816
 20
32.95623544577438
 10
276.7553518055625
 20
33.02829502605034
 10
276.7840730971834
 20
33.06934653590363
 10
276.8162544358874
 20
33.1156364034908
 10
276.85020227409
 20
33.16426062562066
 10
276.8788422007461
 20
33.2034521881467
 10
276.888754306273
 20
33.21549317015345
 10
276.8944419607394
 20
33.22036063480167
 10
276.8954264673019
 20
33.21726849324675
 10
276.8922134593431
 20
33.20708565368074
 10
276.885427852832
 20
33.19088157927389
 10
276.875694563738
 20
33.16972573319649
 10
276.849884601677
 20
33.11683657871107
 10
276.7902865262147
 20
32.99851924610775
 10
276.7397748081677
 20
32.89735344061739
 10
276.6977646301596
 20
32.81268229993076
 10
276.6241577903484
 20
32.66848153473168
 10
276.585017758495
 20
32.59678319162556
 10
276.5410334807809
 20
32.5192532166656
 10
276.4507398847163
 20
32.35389486132412
 10
276.3712877154694
 20
32.18779719455088
 10
276.3347954271692
 20
32.10447402028877
 10
276.323442485637
 20
32.05967851067029
 10
276.3213825057527
 20
32.01058934049858
 10
276.3249659121709
 20
31.98574517628834
 10
276.3323186518543
 20
31.96783784165492
 10
276.3436304672818
 20
31.96160383949622
 10
276.3582983971389
 20
31.96582577124463
 10
276.3756140096286
 20
31.978494062411
 10
276.3948688729541
 20
31.99759913850619
 10
276.4363626249253
 20
32.04708134752647
 10
276.4771572550731
 20
32.09831822455126
 10
276.514103471637
 20
32.14207524126579
 10
276.5789837974426
 20
32.21132192739557
 10
276.6967814116982
 20
32.32325737049317
 10
276.7599960415739
 20
32.38681457068555
 10
276.8247240014745
 20
32.45578745094256
 10
276.9477051213805
 20
32.59850833014625
 10
277.0604051962052
 20
32.74277959517693
 10
277.1691955914538
 20
32.89063406612568
 10
277.2710867887731
 20
33.04454788389795
 10
277.3587183088748
 20
33.20630971748416
 10
277.441546590041
 20
33.3712689153629
 10
277.5246085341724
 20
33.53623562869341
 10
277.5559780935371
 20
33.62200800994995
 10
277.576453871574
 20
33.71127410700457
 10
277.5868208449395
 20
33.80365350776998
 10
277.5878258695456
 20
33.89857290670365
 10
277.5740988895553
 20
33.9912305518008
 10
277.5578281495479
 20
34.03368668808088
 10
277.5333090976517
 20
34.07194131364339
 10
277.5012166514434
 20
34.10538641872481
 10
277.4636303192813
 20
34.13380901897458
 10
277.3799666150547
 20
34.17508238528006
 10
277.2913318350641
 20
34.19993994668558
 10
277.2002566297677
 20
34.21560887411589
 10
277.1080841596149
 20
34.2229016626273
 10
277.0159025332824
 20
34.22094951156552
 10
276.9245291725014
 20
34.20969387089845
 10
276.8340845448462
 20
34.19116239613526
 10
276.6560048694761
 20
34.1415769437894
 10
276.480935022039
 20
34.08446254294013
 10
276.3075381496644
 20
34.02207420598643
 10
276.1367508478559
 20
33.95286961200221
 10
275.8043661938829
 20
33.79373331240925
 10
275.4792141767877
 20
33.62018573638593
 10
275.167991114059
 20
33.42282473840083
 10
275.0141021410294
 20
33.321214267942
 10
274.8690771741571
 20
33.20819958258329
 10
274.5984662663031
 20
32.9574042562609
 10
274.3298756084458
 20
32.70534407648119
 10
274.0723622095256
 20
32.44155246105413
 10
273.8264730605129
 20
32.16666176608314
 10
273.7108592973224
 20
32.02327457519409
 10
273.601905807065
 20
31.8748177849668
 10
273.4989993965405
 20
31.72188686821497
 10
273.4009100382513
 20
31.56558019926249
 10
273.3099607468843
 20
31.40530637029068
 10
273.2309508496101
 20
31.2392387756741
 10
273.1625639510175
 20
31.06791315211006
 10
273.1014500118447
 20
30.89307361824307
 10
273.0552749037841
 20
30.71541347458726
 10
273.0413642748933
 20
30.62544143099463
 10
273.0339604027862
 20
30.53412837016002
 10
273.0328477271041
 20
30.44086165542886
 10
273.0380698648219
 20
30.34527450611462
 10
273.0545964364132
 20
30.25167295508364
 10
273.0700207522911
 20
30.20826091756575
 10
273.091808595627
 20
30.1685478216083
 10
273.1210572566719
 20
30.13359940185458
 10
273.1572358481462
 20
30.10423928680399
 10
273.1984437487228
 20
30.08108742874623
 10
273.242737670029
 20
30.06475743548226
 10
273.2882769595779
 20
30.05574105752495
 10
273.3342514358189
 20
30.05330659033305
 10
273.4266521555492
 20
30.06242261756287
 10
273.5182876449617
 20
30.08104929973074
 10
273.6077886813855
 20
30.10534473782539
 10
273.6939911511648
 20
30.1368393526138
 10
273.7758194613091
 20
30.17705288912544
 10
273.8536096010096
 20
30.2251686988241
 10
273.9288723477705
 20
30.27842567121455
 10
274.0780019036574
 20
30.38908175718664
 10
274.3887979876925
 20
30.58860041133971
 10
274.4619119055578
 20
30.64364416989091
 10
274.5308329974818
 20
30.7042203398106
 10
274.6624088286644
 20
30.83388515340619
 10
274.7965672110885
 20
30.96080596010971
 10
274.9376507845525
 20
31.07927332414402
 10
275.2286257224616
 20
31.30540462826014
 10
275.5114494247806
 20
31.54162591036691
 10
275.6557279847515
 20
31.65625910088161
 10
275.8043244785342
 20
31.76528838788572
 10
276.4182725722491
 20
32.17317907644988
 10
276.5743350328957
 20
32.27099448377865
 10
276.7338244305495
 20
32.36312166606384
 10
277.0530838310552
 20
32.5476251679099
 10
277.2136251766747
 20
32.63790304254861
 10
277.3797147866571
 20
32.71744307290904
 10
277.5474179899315
 20
32.79398874874983
 10
277.7108229046323
 20
32.8790703088966
  0
LINE
  5
575
330
52A
100
AcDbEntity
  8
0_1
  6
ByBlock
 62
   142
 48
26.39999961853027
370
     9
100
AcDbLine
 10
273.6557357668842
 20
26.76165944741003
 30
0.0
 11
273.7516929880481
 21
27.03351209285697
 31
0.0
  0
LINE
  5
576
330
52A
100
AcDbEntity
  8
0_1
  6
ByBlock
 62
   142
 48
26.39999961853027
370
     9
100
AcDbLine
 10
273.7516929880481
 20
27.03351209285697
 30
0.0
 11
273.871794284215
 21
27.22470747887747
 31
0.0
  0
LINE
  5
577
330
52A
100
AcDbEntity
  8
0_1
  6
ByBlock
 62
   142
 48
26.39999961853027
370
     9
100
AcDbLine
 10
273.871794284215
 20
27.22470747887747
 30
0.0
 11
273.9807685605896
 21
27.47148371889975
 31
0.0
  0
LINE
  5
578
330
52A
100
AcDbEntity
  8
0_1
  6
ByBlock
 62
   142
 48
26.39999961853027
370
     9
100
AcDbLine
 10
273.9807685605896
 20
27.47148371889975
 30
0.0
 11
274.1542418330491
 21
27.80021098333638
 31
0.0
  0
LINE
  5
579
330
52A
100
AcDbEntity
  8
0_1
  6
ByBlock
 62
   142
 48
26.39999961853027
370
     9
100
AcDbLine
 10
274.1542418330491
 20
27.80021098333638
 30
0.0
 11
274.2299539459834
 21
27.9878801385415
 31
0.0
  0
LINE
  5
57A
330
52A
100
AcDbEntity
  8
0_1
  6
ByBlock
 62
   142
 48
26.39999961853027
370
     9
100
AcDbLine
 10
274.2299539459834
 20
27.9878801385415
 30
0.0
 11
274.2529746593712
 21
28.10951845805103
 31
0.0
  0
LINE
  5
57B
330
52A
100
AcDbEntity
  8
0_1
  6
ByBlock
 62
   142
 48
26.39999961853027
370
     9
100
AcDbLine
 10
274.2529746593712
 20
28.10951845805103
 30
0.0
 11
274.2826207463712
 21
28.25452665592353
 31
0.0
  0
LINE
  5
57C
330
52A
100
AcDbEntity
  8
0_1
  6
ByBlock
 62
   142
 48
26.39999961853027
370
     9
100
AcDbLine
 10
274.2826207463712
 20
28.25452665592353
 30
0.0
 11
274.2497316701837
 21
28.3805500176556
 31
0.0
  0
LINE
  5
57D
330
52A
100
AcDbEntity
  8
0_1
  6
ByBlock
 62
   142
 48
26.39999961853027
370
     9
100
AcDbLine
 10
274.2497316701837
 20
28.3805500176556
 30
0.0
 11
274.2003324581428
 21
28.49249952423717
 31
0.0
  0
LINE
  5
57E
330
52A
100
AcDbEntity
  8
0_1
  6
ByBlock
 62
   142
 48
26.39999961853027
370
     9
100
AcDbLine
 10
274.2003324581428
 20
28.49249952423717
 30
0.0
 11
274.1290153950304
 21
28.50733676730533
 31
0.0
  0
LINE
  5
57F
330
52A
100
AcDbEntity
  8
0_1
  6
ByBlock
 62
   142
 48
26.39999961853027
370
     9
100
AcDbLine
 10
274.1290153950304
 20
28.50733676730533
 30
0.0
 11
274.031750318555
 21
28.49653394061504
 31
0.0
  0
LINE
  5
580
330
52A
100
AcDbEntity
  8
0_1
  6
ByBlock
 62
   142
 48
26.39999961853027
370
     9
100
AcDbLine
 10
274.031750318555
 20
28.49653394061504
 30
0.0
 11
273.9029450198016
 21
28.42729865098638
 31
0.0
  0
LINE
  5
581
330
52A
100
AcDbEntity
  8
0_1
  6
ByBlock
 62
   142
 48
26.39999961853027
370
     9
100
AcDbLine
 10
273.9029450198016
 20
28.42729865098638
 30
0.0
 11
273.7428741893847
 21
28.32127205821613
 31
0.0
  0
LINE
  5
582
330
52A
100
AcDbEntity
  8
0_1
  6
ByBlock
 62
   142
 48
26.39999961853027
370
     9
100
AcDbLine
 10
273.7428741893847
 20
28.32127205821613
 30
0.0
 11
273.608693974291
 21
28.224361737436
 31
0.0
  0
LINE
  5
583
330
52A
100
AcDbEntity
  8
0_1
  6
ByBlock
 62
   142
 48
26.39999961853027
370
     9
100
AcDbLine
 10
273.608693974291
 20
28.224361737436
 30
0.0
 11
273.525352022066
 21
28.15597860176228
 31
0.0
  0
LINE
  5
584
330
52A
100
AcDbEntity
  8
0_1
  6
ByBlock
 62
   142
 48
26.39999961853027
370
     9
100
AcDbLine
 10
273.525352022066
 20
28.15597860176228
 30
0.0
 11
273.4499719977836
 21
28.07832385353482
 31
0.0
  0
LINE
  5
585
330
52A
100
AcDbEntity
  8
0_1
  6
ByBlock
 62
   142
 48
26.39999961853027
370
     9
100
AcDbLine
 10
273.4499719977836
 20
28.07832385353482
 30
0.0
 11
273.3612715286584
 21
27.94885858872264
 31
0.0
  0
LINE
  5
586
330
52A
100
AcDbEntity
  8
0_1
  6
ByBlock
 62
   142
 48
26.39999961853027
370
     9
100
AcDbLine
 10
273.3612715286584
 20
27.94885858872264
 30
0.0
 11
273.3086908253285
 21
27.84564366017075
 31
0.0
  0
LINE
  5
587
330
52A
100
AcDbEntity
  8
0_1
  6
ByBlock
 62
   142
 48
26.39999961853027
370
     9
100
AcDbLine
 10
273.3086908253285
 20
27.84564366017075
 30
0.0
 11
273.2531377235644
 21
27.71149820606266
 31
0.0
  0
LINE
  5
588
330
52A
100
AcDbEntity
  8
0_1
  6
ByBlock
 62
   142
 48
26.39999961853027
370
     9
100
AcDbLine
 10
273.2531377235644
 20
27.71149820606266
 30
0.0
 11
273.2014753888545
 21
27.57173830012109
 31
0.0
  0
LINE
  5
589
330
52A
100
AcDbEntity
  8
0_1
  6
ByBlock
 62
   142
 48
26.39999961853027
370
     9
100
AcDbLine
 10
273.2014753888545
 20
27.57173830012109
 30
0.0
 11
273.1794591411445
 21
27.44828693430851
 31
0.0
  0
LINE
  5
58A
330
52A
100
AcDbEntity
  8
0_1
  6
ByBlock
 62
   142
 48
26.39999961853027
370
     9
100
AcDbLine
 10
273.1794591411445
 20
27.44828693430851
 30
0.0
 11
273.1693570863291
 21
27.30210480559796
 31
0.0
  0
LINE
  5
58B
330
52A
100
AcDbEntity
  8
0_1
  6
ByBlock
 62
   142
 48
26.39999961853027
370
     9
100
AcDbLine
 10
273.1693570863291
 20
27.30210480559796
 30
0.0
 11
273.200249530742
 21
27.19196390701741
 31
0.0
  0
LINE
  5
58C
330
52A
100
AcDbEntity
  8
0_1
  6
ByBlock
 62
   142
 48
26.39999961853027
370
     9
100
AcDbLine
 10
273.200249530742
 20
27.19196390701741
 30
0.0
 11
273.2281285781213
 21
27.116648143862
 31
0.0
  0
LINE
  5
58D
330
52A
100
AcDbEntity
  8
0_1
  6
ByBlock
 62
   142
 48
26.39999961853027
370
     9
100
AcDbLine
 10
273.2281285781213
 20
27.116648143862
 30
0.0
 11
273.2703202364423
 21
27.03606189726634
 31
0.0
  0
LINE
  5
58E
330
52A
100
AcDbEntity
  8
0_1
  6
ByBlock
 62
   142
 48
26.39999961853027
370
     9
100
AcDbLine
 10
273.2703202364423
 20
27.03606189726634
 30
0.0
 11
273.3290876283741
 21
26.9765620227353
 31
0.0
  0
LINE
  5
58F
330
52A
100
AcDbEntity
  8
0_1
  6
ByBlock
 62
   142
 48
26.39999961853027
370
     9
100
AcDbLine
 10
273.3290876283741
 20
26.9765620227353
 30
0.0
 11
273.3697705382489
 21
26.95246204371824
 31
0.0
  0
LINE
  5
590
330
52A
100
AcDbEntity
  8
0_1
  6
ByBlock
 62
   142
 48
26.39999961853027
370
     9
100
AcDbLine
 10
273.3697705382489
 20
26.95246204371824
 30
0.0
 11
273.4285379301807
 21
26.95246204371824
 31
0.0
  0
LINE
  5
591
330
52A
100
AcDbEntity
  8
0_1
  6
ByBlock
 62
   142
 48
26.39999961853027
370
     9
100
AcDbLine
 10
273.4285379301807
 20
26.95246204371824
 30
0.0
 11
273.5310057288805
 21
26.96149842627353
 31
0.0
  0
LINE
  5
592
330
52A
100
AcDbEntity
  8
0_1
  6
ByBlock
 62
   142
 48
26.39999961853027
370
     9
100
AcDbLine
 10
273.5310057288805
 20
26.96149842627353
 30
0.0
 11
273.5892524386038
 21
26.99840290611353
 31
0.0
  0
LINE
  5
593
330
52A
100
AcDbEntity
  8
0_1
  6
ByBlock
 62
   142
 48
26.39999961853027
370
     9
100
AcDbLine
 10
273.5892524386038
 20
26.99840290611353
 30
0.0
 11
273.7009613215379
 21
27.07315944323556
 31
0.0
  0
LINE
  5
594
330
52A
100
AcDbEntity
  8
0_1
  6
ByBlock
 62
   142
 48
26.39999961853027
370
     9
100
AcDbLine
 10
273.7009613215379
 20
27.07315944323556
 30
0.0
 11
273.9299097984221
 21
27.23123622089101
 31
0.0
  0
LINE
  5
595
330
52A
100
AcDbEntity
  8
0_1
  6
ByBlock
 62
   142
 48
26.39999961853027
370
     9
100
AcDbLine
 10
273.9299097984221
 20
27.23123622089101
 30
0.0
 11
274.1262725887515
 21
27.42703190677419
 31
0.0
  0
LINE
  5
596
330
52A
100
AcDbEntity
  8
0_1
  6
ByBlock
 62
   142
 48
26.39999961853027
370
     9
100
AcDbLine
 10
274.1262725887515
 20
27.42703190677419
 30
0.0
 11
274.3478208185003
 21
27.71163135511857
 31
0.0
  0
LINE
  5
597
330
52A
100
AcDbEntity
  8
0_1
  6
ByBlock
 62
   142
 48
26.39999961853027
370
     9
100
AcDbLine
 10
274.3478208185003
 20
27.71163135511857
 30
0.0
 11
274.6189691534256
 21
28.03737164241328
 31
0.0
  0
LINE
  5
598
330
52A
100
AcDbEntity
  8
0_1
  6
ByBlock
 62
   142
 48
26.39999961853027
370
     9
100
AcDbLine
 10
274.6189691534256
 20
28.03737164241328
 30
0.0
 11
274.8116174706778
 21
28.31013857803949
 31
0.0
  0
LINE
  5
599
330
52A
100
AcDbEntity
  8
0_1
  6
ByBlock
 62
   142
 48
26.39999961853027
370
     9
100
AcDbLine
 10
274.8116174706778
 20
28.31013857803949
 30
0.0
 11
275.0332271983251
 21
28.59486673713695
 31
0.0
  0
LINE
  5
59A
330
52A
100
AcDbEntity
  8
0_1
  6
ByBlock
 62
   142
 48
26.39999961853027
370
     9
100
AcDbLine
 10
275.0332271983251
 20
28.59486673713695
 30
0.0
 11
275.2139408233831
 21
28.86769137068706
 31
0.0
  0
LINE
  5
59B
330
52A
100
AcDbEntity
  8
0_1
  6
ByBlock
 62
   142
 48
26.39999961853027
370
     9
100
AcDbLine
 10
275.2139408233831
 20
28.86769137068706
 30
0.0
 11
275.4966548631109
 21
29.30870101434341
 31
0.0
  0
LINE
  5
59C
330
52A
100
AcDbEntity
  8
0_1
  6
ByBlock
 62
   142
 48
26.39999961853027
370
     9
100
AcDbLine
 10
275.4966548631109
 20
29.30870101434341
 30
0.0
 11
275.6985934629162
 21
29.62452391616635
 31
0.0
  0
LINE
  5
59D
330
52A
100
AcDbEntity
  8
0_1
  6
ByBlock
 62
   142
 48
26.39999961853027
370
     9
100
AcDbLine
 10
275.6985934629162
 20
29.62452391616635
 30
0.0
 11
275.8595785620927
 21
29.86269650806305
 31
0.0
  0
LINE
  5
59E
330
52A
100
AcDbEntity
  8
0_1
  6
ByBlock
 62
   142
 48
26.39999961853027
370
     9
100
AcDbLine
 10
275.8595785620927
 20
29.86269650806305
 30
0.0
 11
275.9368527216532
 21
29.92921333781103
 31
0.0
  0
LINE
  5
59F
330
52A
100
AcDbEntity
  8
0_1
  6
ByBlock
 62
   142
 48
26.39999961853027
370
     9
100
AcDbLine
 10
275.9368527216532
 20
29.92921333781103
 30
0.0
 11
275.9906264842161
 21
29.95381262578574
 31
0.0
  0
LINE
  5
5A0
330
52A
100
AcDbEntity
  8
0_1
  6
ByBlock
 62
   142
 48
26.39999961853027
370
     9
100
AcDbLine
 10
275.9906264842161
 20
29.95381262578574
 30
0.0
 11
276.0646904534679
 21
29.96544763407187
 31
0.0
  0
LINE
  5
5A1
330
52A
100
AcDbEntity
  8
0_1
  6
ByBlock
 62
   142
 48
26.39999961853027
370
     9
100
AcDbLine
 10
276.0646904534679
 20
29.96544763407187
 30
0.0
 11
276.1422926018205
 21
29.9599663312935
 31
0.0
  0
LINE
  5
5A2
330
52A
100
AcDbEntity
  8
0_1
  6
ByBlock
 62
   142
 48
26.39999961853027
370
     9
100
AcDbLine
 10
276.1422926018205
 20
29.9599663312935
 30
0.0
 11
276.1778957852685
 21
29.91256526759084
 31
0.0
  0
LINE
  5
5A3
330
52A
100
AcDbEntity
  8
0_1
  6
ByBlock
 62
   142
 48
26.39999961853027
370
     9
100
AcDbLine
 10
276.1778957852685
 20
29.91256526759084
 30
0.0
 11
276.2001170259737
 21
29.84593526114605
 31
0.0
  0
LINE
  5
5A4
330
52A
100
AcDbEntity
  8
0_1
  6
ByBlock
 62
   142
 48
26.39999961853027
370
     9
100
AcDbLine
 10
276.2001170259737
 20
29.84593526114605
 30
0.0
 11
276.2001170259737
 21
29.78142010553072
 31
0.0
  0
LINE
  5
5A5
330
52A
100
AcDbEntity
  8
0_1
  6
ByBlock
 62
   142
 48
26.39999961853027
370
     9
100
AcDbLine
 10
276.2001170259737
 20
29.78142010553072
 30
0.0
 11
276.1853042321231
 21
29.70315509079981
 31
0.0
  0
LINE
  5
5A6
330
52A
100
AcDbEntity
  8
0_1
  6
ByBlock
 62
   142
 48
26.39999961853027
370
     9
100
AcDbLine
 10
276.1853042321231
 20
29.70315509079981
 30
0.0
 11
276.1408740502917
 21
29.59296980920062
 31
0.0
  0
LINE
  5
5A7
330
52A
100
AcDbEntity
  8
0_1
  6
ByBlock
 62
   142
 48
26.39999961853027
370
     9
100
AcDbLine
 10
276.1408740502917
 20
29.59296980920062
 30
0.0
 11
276.0943201410284
 21
29.52845243443348
 31
0.0
  0
LINE
  5
5A8
330
52A
100
AcDbEntity
  8
0_1
  6
ByBlock
 62
   142
 48
26.39999961853027
370
     9
100
AcDbLine
 10
276.0943201410284
 20
29.52845243443348
 30
0.0
 11
276.0467166676281
 21
29.43925144395717
 31
0.0
  0
LINE
  5
5A9
330
52A
100
AcDbEntity
  8
0_1
  6
ByBlock
 62
   142
 48
26.39999961853027
370
     9
100
AcDbLine
 10
276.0467166676281
 20
29.43925144395717
 30
0.0
 11
276.009686732932
 21
29.35887157839761
 31
0.0
  0
LINE
  5
5AA
330
52A
100
AcDbEntity
  8
0_1
  6
ByBlock
 62
   142
 48
26.39999961853027
370
     9
100
AcDbLine
 10
276.009686732932
 20
29.35887157839761
 30
0.0
 11
275.9096337517187
 21
29.21075213093136
 31
0.0
  0
LINE
  5
5AB
330
52A
100
AcDbEntity
  8
0_1
  6
ByBlock
 62
   142
 48
26.39999961853027
370
     9
100
AcDbLine
 10
275.9096337517187
 20
29.21075213093136
 30
0.0
 11
275.8374803171845
 21
29.1082584264295
 31
0.0
  0
LINE
  5
5AC
330
52A
100
AcDbEntity
  8
0_1
  6
ByBlock
 62
   142
 48
26.39999961853027
370
     9
100
AcDbLine
 10
275.8374803171845
 20
29.1082584264295
 30
0.0
 11
275.782792285862
 21
29.04485506542548
 31
0.0
  0
LINE
  5
5AD
330
52A
100
AcDbEntity
  8
0_1
  6
ByBlock
 62
   142
 48
26.39999961853027
370
     9
100
AcDbLine
 10
275.782792285862
 20
29.04485506542548
 30
0.0
 11
275.7228031356774
 21
28.98355767864687
 31
0.0
  0
LINE
  5
5AE
330
52A
100
AcDbEntity
  8
0_1
  6
ByBlock
 62
   142
 48
26.39999961853027
370
     9
100
AcDbLine
 10
275.7228031356774
 20
28.98355767864687
 30
0.0
 11
275.6548151588103
 21
28.91826138190658
 31
0.0
  0
LINE
  5
5AF
330
52A
100
AcDbEntity
  8
0_1
  6
ByBlock
 62
   142
 48
26.39999961853027
370
     9
100
AcDbLine
 10
275.6548151588103
 20
28.91826138190658
 30
0.0
 11
275.5881637362738
 21
28.89160937932914
 31
0.0
  0
LINE
  5
5B0
330
52A
100
AcDbEntity
  8
0_1
  6
ByBlock
 62
   142
 48
26.39999961853027
370
     9
100
AcDbLine
 10
275.5881637362738
 20
28.89160937932914
 30
0.0
 11
275.5281089883302
 21
28.85468048882882
 31
0.0
  0
LINE
  5
5B1
330
52A
100
AcDbEntity
  8
0_1
  6
ByBlock
 62
   142
 48
26.39999961853027
370
     9
100
AcDbLine
 10
275.5281089883302
 20
28.85468048882882
 30
0.0
 11
275.4716006192078
 21
28.82512139854271
 31
0.0
  0
LINE
  5
5B2
330
52A
100
AcDbEntity
  8
0_1
  6
ByBlock
 62
   142
 48
26.39999961853027
370
     9
100
AcDbLine
 10
275.4716006192078
 20
28.82512139854271
 30
0.0
 11
275.4177202602873
 21
28.82512139854271
 31
0.0
  0
LINE
  5
5B3
330
52A
100
AcDbEntity
  8
0_1
  6
ByBlock
 62
   142
 48
26.39999961853027
370
     9
100
AcDbLine
 10
275.4177202602873
 20
28.82512139854271
 30
0.0
 11
275.3973521562608
 21
28.85336675148342
 31
0.0
  0
LINE
  5
5B4
330
52A
100
AcDbEntity
  8
0_1
  6
ByBlock
 62
   142
 48
26.39999961853027
370
     9
100
AcDbLine
 10
275.3973521562608
 20
28.85336675148342
 30
0.0
 11
275.3973521562608
 21
28.89211978404106
 31
0.0
  0
LINE
  5
5B5
330
52A
100
AcDbEntity
  8
0_1
  6
ByBlock
 62
   142
 48
26.39999961853027
370
     9
100
AcDbLine
 10
275.3973521562608
 20
28.89211978404106
 30
0.0
 11
275.4098362296825
 21
28.93218655394488
 31
0.0
  0
LINE
  5
5B6
330
52A
100
AcDbEntity
  8
0_1
  6
ByBlock
 62
   142
 48
26.39999961853027
370
     9
100
AcDbLine
 10
275.4098362296825
 20
28.93218655394488
 30
0.0
 11
275.4321763663258
 21
28.96371403109927
 31
0.0
  0
LINE
  5
5B7
330
52A
100
AcDbEntity
  8
0_1
  6
ByBlock
 62
   142
 48
26.39999961853027
370
     9
100
AcDbLine
 10
275.4321763663258
 20
28.96371403109927
 30
0.0
 11
275.4551765804139
 21
28.9893319093476
 31
0.0
  0
LINE
  5
5B8
330
52A
100
AcDbEntity
  8
0_1
  6
ByBlock
 62
   142
 48
26.39999961853027
370
     9
100
AcDbLine
 10
275.4551765804139
 20
28.9893319093476
 30
0.0
 11
275.4906567680641
 21
29.01494756844492
 31
0.0
  0
LINE
  5
5B9
330
52A
100
AcDbEntity
  8
0_1
  6
ByBlock
 62
   142
 48
26.39999961853027
370
     9
100
AcDbLine
 10
275.4906567680641
 20
29.01494756844492
 30
0.0
 11
275.5090569393344
 21
29.02874181057753
 31
0.0
  0
LINE
  5
5BA
330
52A
100
AcDbEntity
  8
0_1
  6
ByBlock
 62
   142
 48
26.39999961853027
370
     9
100
AcDbLine
 10
274.7884122635937
 20
28.25503484148443
 30
0.0
 11
274.7884122635937
 21
28.12526111469441
 31
0.0
  0
LINE
  5
5BB
330
52A
100
AcDbEntity
  8
0_1
  6
ByBlock
 62
   142
 48
26.39999961853027
370
     9
100
AcDbLine
 10
274.7884122635937
 20
28.12526111469441
 30
0.0
 11
274.7884122635937
 21
28.00581087799452
 31
0.0
  0
LINE
  5
5BC
330
52A
100
AcDbEntity
  8
0_1
  6
ByBlock
 62
   142
 48
26.39999961853027
370
     9
100
AcDbLine
 10
274.7884122635937
 20
28.00581087799452
 30
0.0
 11
274.742678326312
 21
27.91880240862908
 31
0.0
  0
LINE
  5
5BD
330
52A
100
AcDbEntity
  8
0_1
  6
ByBlock
 62
   142
 48
26.39999961853027
370
     9
100
AcDbLine
 10
274.742678326312
 20
27.91880240862908
 30
0.0
 11
274.6240980781711
 21
27.77102914870707
 31
0.0
  0
LINE
  5
5BE
330
52A
100
AcDbEntity
  8
0_1
  6
ByBlock
 62
   142
 48
26.39999961853027
370
     9
100
AcDbLine
 10
274.6240980781711
 20
27.77102914870707
 30
0.0
 11
274.5348769268366
 21
27.6558285860236
 31
0.0
  0
LINE
  5
5BF
330
52A
100
AcDbEntity
  8
0_1
  6
ByBlock
 62
   142
 48
26.39999961853027
370
     9
100
AcDbLine
 10
274.5348769268366
 20
27.6558285860236
 30
0.0
 11
274.471677586344
 21
27.57035798824774
 31
0.0
  0
LINE
  5
5C0
330
52A
100
AcDbEntity
  8
0_1
  6
ByBlock
 62
   142
 48
26.39999961853027
370
     9
100
AcDbLine
 10
274.471677586344
 20
27.57035798824774
 30
0.0
 11
274.4214912012009
 21
27.47745545403254
 31
0.0
  0
LINE
  5
5C1
330
52A
100
AcDbEntity
  8
0_1
  6
ByBlock
 62
   142
 48
26.39999961853027
370
     9
100
AcDbLine
 10
274.4214912012009
 20
27.47745545403254
 30
0.0
 11
274.3675903429806
 21
27.37526133490528
 31
0.0
  0
LINE
  5
5C2
330
52A
100
AcDbEntity
  8
0_1
  6
ByBlock
 62
   142
 48
26.39999961853027
370
     9
100
AcDbLine
 10
274.3675903429806
 20
27.37526133490528
 30
0.0
 11
274.3248370038516
 21
27.29536302509528
 31
0.0
  0
LINE
  5
5C3
330
52A
100
AcDbEntity
  8
0_1
  6
ByBlock
 62
   142
 48
26.39999961853027
370
     9
100
AcDbLine
 10
274.3248370038516
 20
27.29536302509528
 30
0.0
 11
274.3248370038516
 21
27.25634369442663
 31
0.0
  0
LINE
  5
5C4
330
52A
100
AcDbEntity
  8
0_1
  6
ByBlock
 62
   142
 48
26.39999961853027
370
     9
100
AcDbLine
 10
274.3248370038516
 20
27.25634369442663
 30
0.0
 11
274.4233525375996
 21
27.47931288335422
 31
0.0
  0
LINE
  5
5C5
330
52A
100
AcDbEntity
  8
0_1
  6
ByBlock
 62
   142
 48
26.39999961853027
370
     9
100
AcDbLine
 10
274.4233525375996
 20
27.47931288335422
 30
0.0
 11
274.5237253078849
 21
27.62795826958948
 31
0.0
  0
LINE
  5
5C6
330
52A
100
AcDbEntity
  8
0_1
  6
ByBlock
 62
   142
 48
26.39999961853027
370
     9
100
AcDbLine
 10
274.5237253078849
 20
27.62795826958948
 30
0.0
 11
274.6207689919249
 21
27.74652306507086
 31
0.0
  0
LINE
  5
5C7
330
52A
100
AcDbEntity
  8
0_1
  6
ByBlock
 62
   142
 48
26.39999961853027
370
     9
100
AcDbLine
 10
274.6207689919249
 20
27.74652306507086
 30
0.0
 11
274.8531203525335
 21
28.04293283462488
 31
0.0
  0
LINE
  5
5C8
330
52A
100
AcDbEntity
  8
0_1
  6
ByBlock
 62
   142
 48
26.39999961853027
370
     9
100
AcDbLine
 10
274.8531203525335
 20
28.04293283462488
 30
0.0
 11
274.9184270210202
 21
28.1189076856036
 31
0.0
  0
LINE
  5
5C9
330
52A
100
AcDbEntity
  8
0_1
  6
ByBlock
 62
   142
 48
26.39999961853027
370
     9
100
AcDbLine
 10
274.9184270210202
 20
28.1189076856036
 30
0.0
 11
275.0038517020793
 21
28.20660853005672
 31
0.0
  0
LINE
  5
5CA
330
52A
100
AcDbEntity
  8
0_1
  6
ByBlock
 62
   142
 48
26.39999961853027
370
     9
100
AcDbLine
 10
275.0038517020793
 20
28.20660853005672
 30
0.0
 11
275.061569529874
 21
28.25507478620105
 31
0.0
  0
LINE
  5
5CB
330
52A
100
AcDbEntity
  8
0_1
  6
ByBlock
 62
   142
 48
26.39999961853027
370
     9
100
AcDbLine
 10
275.061569529874
 20
28.25507478620105
 30
0.0
 11
275.1112106336492
 21
28.29546333298879
 31
0.0
  0
LINE
  5
5CC
330
52A
100
AcDbEntity
  8
0_1
  6
ByBlock
 62
   142
 48
26.39999961853027
370
     9
100
AcDbLine
 10
275.1112106336492
 20
28.29546333298879
 30
0.0
 11
275.1516106531901
 21
28.32777417041914
 31
0.0
  0
LINE
  5
5CD
330
52A
100
AcDbEntity
  8
0_1
  6
ByBlock
 62
   142
 48
26.39999961853027
370
     9
100
AcDbLine
 10
275.1516106531901
 20
28.32777417041914
 30
0.0
 11
275.1920147725907
 21
28.34392958913472
 31
0.0
  0
LINE
  5
5CE
330
52A
100
AcDbEntity
  8
0_1
  6
ByBlock
 62
   142
 48
26.39999961853027
370
     9
100
AcDbLine
 10
275.1920147725907
 20
28.34392958913472
 30
0.0
 11
275.2104846414795
 21
28.34392958913472
 31
0.0
  0
LINE
  5
5CF
330
52A
100
AcDbEntity
  8
0_1
  6
ByBlock
 62
   142
 48
26.39999961853027
370
     9
100
AcDbLine
 10
275.2104846414795
 20
28.34392958913472
 30
0.0
 11
275.1920147725907
 21
28.24930499380395
 31
0.0
  0
LINE
  5
5D0
330
52A
100
AcDbEntity
  8
0_1
  6
ByBlock
 62
   142
 48
26.39999961853027
370
     9
100
AcDbLine
 10
275.1920147725907
 20
28.24930499380395
 30
0.0
 11
275.1608476375648
 21
28.11198393472596
 31
0.0
  0
LINE
  5
5D1
330
52A
100
AcDbEntity
  8
0_1
  6
ByBlock
 62
   142
 48
26.39999961853027
370
     9
100
AcDbLine
 10
275.1608476375648
 20
28.11198393472596
 30
0.0
 11
274.9387295272887
 21
27.79509362130954
 31
0.0
  0
LINE
  5
5D2
330
52A
100
AcDbEntity
  8
0_1
  6
ByBlock
 62
   142
 48
26.39999961853027
370
     9
100
AcDbLine
 10
274.9387295272887
 20
27.79509362130954
 30
0.0
 11
274.8522634818127
 21
27.66286995190088
 31
0.0
  0
LINE
  5
5D3
330
52A
100
AcDbEntity
  8
0_1
  6
ByBlock
 62
   142
 48
26.39999961853027
370
     9
100
AcDbLine
 10
274.8522634818127
 20
27.66286995190088
 30
0.0
 11
274.7652521549696
 21
27.47648790422978
 31
0.0
  0
LINE
  5
5D4
330
52A
100
AcDbEntity
  8
0_1
  6
ByBlock
 62
   142
 48
26.39999961853027
370
     9
100
AcDbLine
 10
274.7652521549696
 20
27.47648790422978
 30
0.0
 11
274.7031023786124
 21
27.44749469742929
 31
0.0
  0
LINE
  5
5D5
330
52A
100
AcDbEntity
  8
0_1
  6
ByBlock
 62
   142
 48
26.39999961853027
370
     9
100
AcDbLine
 10
274.7031023786124
 20
27.44749469742929
 30
0.0
 11
274.6707421843527
 21
27.40454303132611
 31
0.0
  0
LINE
  5
5D6
330
52A
100
AcDbEntity
  8
0_1
  6
ByBlock
 62
   142
 48
26.39999961853027
370
     9
100
AcDbLine
 10
274.6707421843527
 20
27.40454303132611
 30
0.0
 11
274.6707421843527
 21
27.46415386340375
 31
0.0
  0
LINE
  5
5D7
330
52A
100
AcDbEntity
  8
0_1
  6
ByBlock
 62
   142
 48
26.39999961853027
370
     9
100
AcDbLine
 10
274.6707421843527
 20
27.46415386340375
 30
0.0
 11
274.7405545988793
 21
27.55284444916814
 31
0.0
  0
LINE
  5
5D8
330
52A
100
AcDbEntity
  8
0_1
  6
ByBlock
 62
   142
 48
26.39999961853027
370
     9
100
AcDbLine
 10
274.7405545988793
 20
27.55284444916814
 30
0.0
 11
274.8918189302126
 21
27.8101927241859
 31
0.0
  0
LINE
  5
5D9
330
52A
100
AcDbEntity
  8
0_1
  6
ByBlock
 62
   142
 48
26.39999961853027
370
     9
100
AcDbLine
 10
274.8918189302126
 20
27.8101927241859
 30
0.0
 11
275.2032565884606
 21
28.19302066895861
 31
0.0
  0
LINE
  5
5DA
330
52A
100
AcDbEntity
  8
0_1
  6
ByBlock
 62
   142
 48
26.39999961853027
370
     9
100
AcDbLine
 10
275.2032565884606
 20
28.19302066895861
 30
0.0
 11
275.341417767526
 21
28.37625374147034
 31
0.0
  0
LINE
  5
5DB
330
52A
100
AcDbEntity
  8
0_1
  6
ByBlock
 62
   142
 48
26.39999961853027
370
     9
100
AcDbLine
 10
275.341417767526
 20
28.37625374147034
 30
0.0
 11
275.4864749109568
 21
28.54672669617777
 31
0.0
  0
LINE
  5
5DC
330
52A
100
AcDbEntity
  8
0_1
  6
ByBlock
 62
   142
 48
26.39999961853027
370
     9
100
AcDbLine
 10
275.4864749109568
 20
28.54672669617777
 30
0.0
 11
275.5469478446108
 21
28.60534778694332
 31
0.0
  0
LINE
  5
5DD
330
52A
100
AcDbEntity
  8
0_1
  6
ByBlock
 62
   142
 48
26.39999961853027
370
     9
100
AcDbLine
 10
275.5469478446108
 20
28.60534778694332
 30
0.0
 11
275.6092534156444
 21
28.66946349539333
 31
0.0
  0
LINE
  5
5DE
330
52A
100
AcDbEntity
  8
0_1
  6
ByBlock
 62
   142
 48
26.39999961853027
370
     9
100
AcDbLine
 10
275.6092534156444
 20
28.66946349539333
 30
0.0
 11
275.6708456110532
 21
28.72748763456153
 31
0.0
  0
LINE
  5
5DF
330
52A
100
AcDbEntity
  8
0_1
  6
ByBlock
 62
   142
 48
26.39999961853027
370
     9
100
AcDbLine
 10
275.6708456110532
 20
28.72748763456153
 30
0.0
 11
275.7322697122067
 21
28.77444264892761
 31
0.0
  0
LINE
  5
5E0
330
52A
100
AcDbEntity
  8
0_1
  6
ByBlock
 62
   142
 48
26.39999961853027
370
     9
100
AcDbLine
 10
275.7322697122067
 20
28.77444264892761
 30
0.0
 11
275.7674998084025
 21
28.80243279951156
 31
0.0
  0
LINE
  5
5E1
330
52A
100
AcDbEntity
  8
0_1
  6
ByBlock
 62
   142
 48
26.39999961853027
370
     9
100
AcDbLine
 10
275.7674998084025
 20
28.80243279951156
 30
0.0
 11
275.8207938873564
 21
28.82591141627091
 31
0.0
  0
LINE
  5
5E2
330
52A
100
AcDbEntity
  8
0_1
  6
ByBlock
 62
   142
 48
26.39999961853027
370
     9
100
AcDbLine
 10
275.8207938873564
 20
28.82591141627091
 30
0.0
 11
275.840665908334
 21
28.81417210789204
 31
0.0
  0
LINE
  5
5E3
330
52A
100
AcDbEntity
  8
0_1
  6
ByBlock
 62
   142
 48
26.39999961853027
370
     9
100
AcDbLine
 10
275.840665908334
 20
28.81417210789204
 30
0.0
 11
275.8045338429582
 21
28.71755471503267
 31
0.0
  0
LINE
  5
5E4
330
52A
100
AcDbEntity
  8
0_1
  6
ByBlock
 62
   142
 48
26.39999961853027
370
     9
100
AcDbLine
 10
275.8045338429582
 20
28.71755471503267
 30
0.0
 11
275.7693037467623
 21
28.63719038352858
 31
0.0
  0
LINE
  5
5E5
330
52A
100
AcDbEntity
  8
0_1
  6
ByBlock
 62
   142
 48
26.39999961853027
370
     9
100
AcDbLine
 10
275.7693037467623
 20
28.63719038352858
 30
0.0
 11
275.640375452212
 21
28.43141739509871
 31
0.0
  0
LINE
  5
5E6
330
52A
100
AcDbEntity
  8
0_1
  6
ByBlock
 62
   142
 48
26.39999961853027
370
     9
100
AcDbLine
 10
275.640375452212
 20
28.43141739509871
 30
0.0
 11
275.4679435441695
 21
28.14749034948371
 31
0.0
  0
LINE
  5
5E7
330
52A
100
AcDbEntity
  8
0_1
  6
ByBlock
 62
   142
 48
26.39999961853027
370
     9
100
AcDbLine
 10
275.4679435441695
 20
28.14749034948371
 30
0.0
 11
275.2768818727021
 21
27.74550003649601
 31
0.0
  0
LINE
  5
5E8
330
52A
100
AcDbEntity
  8
0_1
  6
ByBlock
 62
   142
 48
26.39999961853027
370
     9
100
AcDbLine
 10
275.2768818727021
 20
27.74550003649601
 30
0.0
 11
275.0565431016265
 21
27.27180895720553
 31
0.0
  0
LINE
  5
5E9
330
52A
100
AcDbEntity
  8
0_1
  6
ByBlock
 62
   142
 48
26.39999961853027
370
     9
100
AcDbLine
 10
275.0565431016265
 20
27.27180895720553
 30
0.0
 11
274.7978911397027
 21
26.69241084287691
 31
0.0
  0
LINE
  5
5EA
330
52A
100
AcDbEntity
  8
0_1
  6
ByBlock
 62
   142
 48
26.39999961853027
370
     9
100
AcDbLine
 10
274.7978911397027
 20
26.69241084287691
 30
0.0
 11
274.5721036548086
 21
26.19521451701574
 31
0.0
  0
LINE
  5
5EB
330
52A
100
AcDbEntity
  8
0_1
  6
ByBlock
 62
   142
 48
26.39999961853027
370
     9
100
AcDbLine
 10
274.5721036548086
 20
26.19521451701574
 30
0.0
 11
274.325648776114
 21
25.66193701630876
 31
0.0
  0
LINE
  5
5EC
330
52A
100
AcDbEntity
  8
0_1
  6
ByBlock
 62
   142
 48
26.39999961853027
370
     9
100
AcDbLine
 10
274.325648776114
 20
25.66193701630876
 30
0.0
 11
274.1256453101854
 21
25.35971750963941
 31
0.0
  0
LINE
  5
5ED
330
52A
100
AcDbEntity
  8
0_1
  6
ByBlock
 62
   142
 48
26.39999961853027
370
     9
100
AcDbLine
 10
273.2266936271532
 20
25.75308864044525
 30
0.0
 11
273.331490146281
 21
25.88601356154645
 31
0.0
  0
LINE
  5
5EE
330
52A
100
AcDbEntity
  8
0_1
  6
ByBlock
 62
   142
 48
26.39999961853027
370
     9
100
AcDbLine
 10
273.331490146281
 20
25.88601356154645
 30
0.0
 11
273.9171346349464
 21
26.44636470350711
 31
0.0
  0
LINE
  5
5EF
330
52A
100
AcDbEntity
  8
0_1
  6
ByBlock
 62
   142
 48
26.39999961853027
370
     9
100
AcDbLine
 10
273.9171346349464
 20
26.44636470350711
 30
0.0
 11
274.248801001984
 21
26.70940731979156
 31
0.0
  0
LINE
  5
5F0
330
52A
100
AcDbEntity
  8
0_1
  6
ByBlock
 62
   142
 48
26.39999961853027
370
     9
100
AcDbLine
 10
274.248801001984
 20
26.70940731979156
 30
0.0
 11
274.6641291103204
 21
27.03523859227376
 31
0.0
  0
LINE
  5
5F1
330
52A
100
AcDbEntity
  8
0_1
  6
ByBlock
 62
   142
 48
26.39999961853027
370
     9
100
AcDbLine
 10
274.6641291103204
 20
27.03523859227376
 30
0.0
 11
275.1289261283153
 21
27.35289229360784
 31
0.0
  0
LINE
  5
5F2
330
52A
100
AcDbEntity
  8
0_1
  6
ByBlock
 62
   142
 48
26.39999961853027
370
     9
100
AcDbLine
 10
275.1289261283153
 20
27.35289229360784
 30
0.0
 11
275.5599689996812
 21
27.62970252221436
 31
0.0
  0
LINE
  5
5F3
330
52A
100
AcDbEntity
  8
0_1
  6
ByBlock
 62
   142
 48
26.39999961853027
370
     9
100
AcDbLine
 10
275.5599689996812
 20
27.62970252221436
 30
0.0
 11
276.0494635737664
 21
27.91956135824472
 31
0.0
  0
LINE
  5
5F4
330
52A
100
AcDbEntity
  8
0_1
  6
ByBlock
 62
   142
 48
26.39999961853027
370
     9
100
AcDbLine
 10
276.0494635737664
 20
27.91956135824472
 30
0.0
 11
276.4303610585888
 21
28.11106964454589
 31
0.0
  0
LINE
  5
5F5
330
52A
100
AcDbEntity
  8
0_1
  6
ByBlock
 62
   142
 48
26.39999961853027
370
     9
100
AcDbLine
 10
276.4303610585888
 20
28.11106964454589
 30
0.0
 11
276.7953674864054
 21
28.30267113518555
 31
0.0
  0
LINE
  5
5F6
330
52A
100
AcDbEntity
  8
0_1
  6
ByBlock
 62
   142
 48
26.39999961853027
370
     9
100
AcDbLine
 10
276.7953674864054
 20
28.30267113518555
 30
0.0
 11
277.0566843572685
 21
28.43253584716386
 31
0.0
  0
LINE
  5
5F7
330
52A
100
AcDbEntity
  8
0_1
  6
ByBlock
 62
   142
 48
26.39999961853027
370
     9
100
AcDbLine
 10
277.0566843572685
 20
28.43253584716386
 30
0.0
 11
277.2528462544632
 21
28.51611572835365
 31
0.0
  0
LINE
  5
5F8
330
52A
100
AcDbEntity
  8
0_1
  6
ByBlock
 62
   142
 48
26.39999961853027
370
     9
100
AcDbLine
 10
277.2528462544632
 20
28.51611572835365
 30
0.0
 11
277.3874159562475
 21
28.59924290275543
 31
0.0
  0
LINE
  5
5F9
330
52A
100
AcDbEntity
  8
0_1
  6
ByBlock
 62
   142
 48
26.39999961853027
370
     9
100
AcDbLine
 10
277.3874159562475
 20
28.59924290275543
 30
0.0
 11
277.6175861913845
 21
28.70150137725963
 31
0.0
  0
LINE
  5
5FA
330
52A
100
AcDbEntity
  8
0_1
  6
ByBlock
 62
   142
 48
26.39999961853027
370
     9
100
AcDbLine
 10
277.667542984373
 20
29.58029623828338
 30
0.0
 11
277.3823362298208
 21
29.46109454648641
 31
0.0
  0
LINE
  5
5FB
330
52A
100
AcDbEntity
  8
0_1
  6
ByBlock
 62
   142
 48
26.39999961853027
370
     9
100
AcDbLine
 10
277.3823362298208
 20
29.46109454648641
 30
0.0
 11
277.0430974215312
 21
29.2529648197772
 31
0.0
  0
LINE
  5
5FC
330
52A
100
AcDbEntity
  8
0_1
  6
ByBlock
 62
   142
 48
26.39999961853027
370
     9
100
AcDbLine
 10
277.0430974215312
 20
29.2529648197772
 30
0.0
 11
276.8618877134242
 21
29.11277661770715
 31
0.0
  0
LINE
  5
5FD
330
52A
100
AcDbEntity
  8
0_1
  6
ByBlock
 62
   142
 48
26.39999961853027
370
     9
100
AcDbLine
 10
276.8618877134242
 20
29.11277661770715
 30
0.0
 11
276.6709285384547
 21
28.93437685590554
 31
0.0
  0
LINE
  5
5FE
330
52A
100
AcDbEntity
  8
0_1
  6
ByBlock
 62
   142
 48
26.39999961853027
370
     9
100
AcDbLine
 10
276.6709285384547
 20
28.93437685590554
 30
0.0
 11
276.4881444841432
 21
28.77843712058887
 31
0.0
  0
LINE
  5
5FF
330
52A
100
AcDbEntity
  8
0_1
  6
ByBlock
 62
   142
 48
26.39999961853027
370
     9
100
AcDbLine
 10
276.4881444841432
 20
28.77843712058887
 30
0.0
 11
276.3635292422164
 21
28.64104948698292
 31
0.0
  0
LINE
  5
600
330
52A
100
AcDbEntity
  8
0_1
  6
ByBlock
 62
   142
 48
26.39999961853027
370
     9
100
AcDbLine
 10
276.3635292422164
 20
28.64104948698292
 30
0.0
 11
276.3005020958395
 21
28.54654028749997
 31
0.0
  0
LINE
  5
601
330
52A
100
AcDbEntity
  8
0_1
  6
ByBlock
 62
   142
 48
26.39999961853027
370
     9
100
AcDbLine
 10
276.3005020958395
 20
28.54654028749997
 30
0.0
 11
276.2784407496704
 21
28.45203108801701
 31
0.0
  0
LWPOLYLINE
  5
602
330
52A
100
AcDbEntity
  8
EPLAN300
 62
   142
 48
4.0
370
     9
100
AcDbPolyline
 90
       16
 70
     0
 43
0.0
 10
273.2266936271532
 20
25.75308864044525
 10
273.0941658096563
 20
25.5744844789128
 10
273.0554267230761
 20
25.50495980790551
 10
273.0345523659285
 20
25.40360674289284
 10
273.0530683603701
 20
25.28166515274966
 10
273.0890286284955
 20
25.21488179765982
 10
273.2020466140322
 20
25.12754971792696
 10
273.3835424421916
 20
25.06904870949302
 10
273.5129037305599
 20
25.03455236592813
 10
273.6077686753633
 20
25.03742706122521
 10
273.7371299637315
 20
25.06042462360179
 10
273.8549924709115
 20
25.08342218597837
 10
273.9814790639827
 20
25.14666548251397
 10
274.0394071432355
 20
25.23543052230285
 10
274.0805045925215
 20
25.26111642810664
 10
274.1256453101854
 20
25.35971750963941
  0
LWPOLYLINE
  5
603
330
52A
100
AcDbEntity
  8
EPLAN300
 62
   142
 48
4.0
370
     9
100
AcDbPolyline
 90
       13
 70
     0
 43
0.0
 10
277.667542984373
 20
29.58029623828338
 10
277.8580426104729
 20
29.65452450249263
 10
278.0706373290127
 20
29.67730250805047
 10
278.1769346882826
 20
29.60896849137697
 10
278.2300833679175
 20
29.51785646914563
 10
278.2300833679175
 20
29.37359576727935
 10
278.2073053623597
 20
29.25970573949019
 10
278.1313786771669
 20
29.09266703206608
 10
278.0326739864163
 20
28.99396234131547
 10
277.9111912901079
 20
28.88766498204558
 10
277.7973012623187
 20
28.79655295981424
 10
277.6910039030488
 20
28.73581161166002
 10
277.6175861913845
 20
28.70150137725963
  0
LWPOLYLINE
  5
604
330
52A
100
AcDbEntity
  8
0_1
  6
ByBlock
 62
   142
 48
55.9000015258789
370
     9
100
AcDbPolyline
 90
        3
 70
     0
 43
0.0
 10
273.4631043448779
 20
13.72133029255756
 10
273.3963230058816
 20
13.64738688933383
 10
273.4963876488734
 20
13.57364512374922
  0
LINE
  5
605
330
52A
100
AcDbEntity
  8
0_1
  6
ByBlock
 62
   142
 48
55.9000015258789
370
     9
100
AcDbLine
 10
273.4963876488734
 20
13.57364512374922
 30
0.0
 11
274.2182595664008
 21
13.23477866658124
 31
0.0
  0
LINE
  5
606
330
52A
100
AcDbEntity
  8
0_1
  6
ByBlock
 62
   142
 48
55.9000015258789
370
     9
100
AcDbLine
 10
274.2182595664008
 20
13.23477866658124
 30
0.0
 11
274.6578553291308
 21
13.0284203707601
 31
0.0
  0
LINE
  5
607
330
52A
100
AcDbEntity
  8
0_1
  6
ByBlock
 62
   142
 48
55.9000015258789
370
     9
100
AcDbLine
 10
274.6578553291308
 20
13.0284203707601
 30
0.0
 11
274.9856544545493
 21
12.88891250275583
 31
0.0
  0
LINE
  5
608
330
52A
100
AcDbEntity
  8
0_1
  6
ByBlock
 62
   142
 48
55.9000015258789
370
     9
100
AcDbLine
 10
274.9856544545493
 20
12.88891250275583
 30
0.0
 11
275.0857190975409
 21
12.84305434228602
 31
0.0
  0
LINE
  5
609
330
52A
100
AcDbEntity
  8
0_1
  6
ByBlock
 62
   142
 48
55.9000015258789
370
     9
100
AcDbLine
 10
275.0857190975409
 20
12.84305434228602
 30
0.0
 11
275.5319837848562
 21
12.84305434228602
 31
0.0
  0
LINE
  5
60A
330
52A
100
AcDbEntity
  8
0_1
  6
ByBlock
 62
   142
 48
55.9000015258789
370
     9
100
AcDbLine
 10
275.5319837848562
 20
12.84305434228602
 30
0.0
 11
275.7988944098271
 21
12.84305434228602
 31
0.0
  0
LINE
  5
60B
330
52A
100
AcDbEntity
  8
0_1
  6
ByBlock
 62
   142
 48
55.9000015258789
370
     9
100
AcDbLine
 10
275.7988944098271
 20
12.84305434228602
 30
0.0
 11
276.1200782934116
 21
12.84305434228602
 31
0.0
  0
LINE
  5
60C
330
52A
100
AcDbEntity
  8
0_1
  6
ByBlock
 62
   142
 48
55.9000015258789
370
     9
100
AcDbLine
 10
276.1200782934116
 20
12.84305434228602
 30
0.0
 11
276.5537812176103
 21
13.39312182495055
 31
0.0
  0
LINE
  5
60D
330
52A
100
AcDbEntity
  8
0_1
  6
ByBlock
 62
   142
 48
55.9000015258789
370
     9
100
AcDbLine
 10
276.5537812176103
 20
13.39312182495055
 30
0.0
 11
276.875759763274
 21
13.801488746646
 31
0.0
  0
LINE
  5
60E
330
52A
100
AcDbEntity
  8
0_1
  6
ByBlock
 62
   142
 48
55.9000015258789
370
     9
100
AcDbLine
 10
276.875759763274
 20
13.801488746646
 30
0.0
 11
277.0000459049256
 21
13.97651712901222
 31
0.0
  0
LINE
  5
60F
330
52A
100
AcDbEntity
  8
0_1
  6
ByBlock
 62
   142
 48
55.9000015258789
370
     9
100
AcDbLine
 10
277.0000459049256
 20
13.97651712901222
 30
0.0
 11
277.0550334143642
 21
14.05395436134938
 31
0.0
  0
LINE
  5
610
330
52A
100
AcDbEntity
  8
0_1
  6
ByBlock
 62
   142
 48
55.9000015258789
370
     9
100
AcDbLine
 10
273.5080368052682
 20
11.76342880550936
 30
0.0
 11
273.2763957459904
 21
11.58423055406032
 31
0.0
  0
LINE
  5
611
330
52A
100
AcDbEntity
  8
0_1
  6
ByBlock
 62
   142
 48
55.9000015258789
370
     9
100
AcDbLine
 10
273.2763957459904
 20
11.58423055406032
 30
0.0
 11
273.0820641968376
 21
11.40503230261128
 31
0.0
  0
LINE
  5
612
330
52A
100
AcDbEntity
  8
0_1
  6
ByBlock
 62
   142
 48
55.9000015258789
370
     9
100
AcDbLine
 10
273.0820641968376
 20
11.40503230261128
 30
0.0
 11
273.0533976092026
 21
11.34742154824763
 31
0.0
  0
LINE
  5
613
330
52A
100
AcDbEntity
  8
0_1
  6
ByBlock
 62
   142
 48
55.9000015258789
370
     9
100
AcDbLine
 10
273.0533976092026
 20
11.34742154824763
 30
0.0
 11
273.0533976092026
 21
11.2989420984475
 31
0.0
  0
LINE
  5
614
330
52A
100
AcDbEntity
  8
0_1
  6
ByBlock
 62
   142
 48
55.9000015258789
370
     9
100
AcDbLine
 10
273.0533976092026
 20
11.2989420984475
 30
0.0
 11
273.0815273693584
 21
11.25939231558048
 31
0.0
  0
LINE
  5
615
330
52A
100
AcDbEntity
  8
0_1
  6
ByBlock
 62
   142
 48
55.9000015258789
370
     9
100
AcDbLine
 10
273.0815273693584
 20
11.25939231558048
 30
0.0
 11
273.1274798019731
 21
11.20961662380836
 31
0.0
  0
LINE
  5
616
330
52A
100
AcDbEntity
  8
0_1
  6
ByBlock
 62
   142
 48
55.9000015258789
370
     9
100
AcDbLine
 10
273.1274798019731
 20
11.20961662380836
 30
0.0
 11
273.1744478128939
 21
11.15874085724439
 31
0.0
  0
LINE
  5
617
330
52A
100
AcDbEntity
  8
0_1
  6
ByBlock
 62
   142
 48
55.9000015258789
370
     9
100
AcDbLine
 10
273.1744478128939
 20
11.15874085724439
 30
0.0
 11
273.2143384888573
 21
11.14201040356073
 31
0.0
  0
LINE
  5
618
330
52A
100
AcDbEntity
  8
0_1
  6
ByBlock
 62
   142
 48
55.9000015258789
370
     9
100
AcDbLine
 10
273.2143384888573
 20
11.14201040356073
 30
0.0
 11
273.2845555237437
 21
11.11265772421246
 31
0.0
  0
LINE
  5
619
330
52A
100
AcDbEntity
  8
0_1
  6
ByBlock
 62
   142
 48
55.9000015258789
370
     9
100
AcDbLine
 10
273.2845555237437
 20
11.11265772421246
 30
0.0
 11
273.3445728364451
 21
11.09479839036364
 31
0.0
  0
LINE
  5
61A
330
52A
100
AcDbEntity
  8
0_1
  6
ByBlock
 62
   142
 48
55.9000015258789
370
     9
100
AcDbLine
 10
273.3445728364451
 20
11.09479839036364
 30
0.0
 11
273.3841370219988
 21
11.09479839036364
 31
0.0
  0
LINE
  5
61B
330
52A
100
AcDbEntity
  8
0_1
  6
ByBlock
 62
   142
 48
55.9000015258789
370
     9
100
AcDbLine
 10
273.3841370219988
 20
11.09479839036364
 30
0.0
 11
273.4569308288138
 21
11.11265772421246
 31
0.0
  0
LINE
  5
61C
330
52A
100
AcDbEntity
  8
0_1
  6
ByBlock
 62
   142
 48
55.9000015258789
370
     9
100
AcDbLine
 10
273.4569308288138
 20
11.11265772421246
 30
0.0
 11
273.5016986676422
 21
11.12364112808063
 31
0.0
  0
LINE
  5
61D
330
52A
100
AcDbEntity
  8
0_1
  6
ByBlock
 62
   142
 48
55.9000015258789
370
     9
100
AcDbLine
 10
273.5016986676422
 20
11.12364112808063
 30
0.0
 11
273.5565660098115
 21
11.14710895532445
 31
0.0
  0
LINE
  5
61E
330
52A
100
AcDbEntity
  8
0_1
  6
ByBlock
 62
   142
 48
55.9000015258789
370
     9
100
AcDbLine
 10
273.5565660098115
 20
11.14710895532445
 30
0.0
 11
273.6038068283905
 21
11.17263051950768
 31
0.0
  0
LINE
  5
61F
330
52A
100
AcDbEntity
  8
0_1
  6
ByBlock
 62
   142
 48
55.9000015258789
370
     9
100
AcDbLine
 10
273.6038068283905
 20
11.17263051950768
 30
0.0
 11
273.8010909287057
 21
11.28053546243224
 31
0.0
  0
LINE
  5
620
330
52A
100
AcDbEntity
  8
0_1
  6
ByBlock
 62
   142
 48
55.9000015258789
370
     9
100
AcDbLine
 10
273.8010909287057
 20
11.28053546243224
 30
0.0
 11
273.9354444733059
 21
11.35402040895723
 31
0.0
  0
LINE
  5
621
330
52A
100
AcDbEntity
  8
0_1
  6
ByBlock
 62
   142
 48
55.9000015258789
370
     9
100
AcDbLine
 10
273.9354444733059
 20
11.35402040895723
 30
0.0
 11
274.0724035390399
 21
11.49611490526026
 31
0.0
  0
LINE
  5
622
330
52A
100
AcDbEntity
  8
0_1
  6
ByBlock
 62
   142
 48
55.9000015258789
370
     9
100
AcDbLine
 10
274.0724035390399
 20
11.49611490526026
 30
0.0
 11
274.1879021734463
 21
11.61594428779681
 31
0.0
  0
LINE
  5
623
330
52A
100
AcDbEntity
  8
0_1
  6
ByBlock
 62
   142
 48
55.9000015258789
370
     9
100
AcDbLine
 10
274.1879021734463
 20
11.61594428779681
 30
0.0
 11
274.2940020370314
 21
11.7260224822786
 31
0.0
  0
LINE
  5
624
330
52A
100
AcDbEntity
  8
0_1
  6
ByBlock
 62
   142
 48
55.9000015258789
370
     9
100
AcDbLine
 10
274.2940020370314
 20
11.7260224822786
 30
0.0
 11
274.4712126767879
 21
11.96316529088846
 31
0.0
  0
LINE
  5
625
330
52A
100
AcDbEntity
  8
0_1
  6
ByBlock
 62
   142
 48
55.9000015258789
370
     9
100
AcDbLine
 10
274.4712126767879
 20
11.96316529088846
 30
0.0
 11
274.5846344252924
 21
12.1149459742309
 31
0.0
  0
LINE
  5
626
330
52A
100
AcDbEntity
  8
0_1
  6
ByBlock
 62
   142
 48
55.9000015258789
370
     9
100
AcDbLine
 10
274.5846344252924
 20
12.1149459742309
 30
0.0
 11
274.6804143472376
 21
12.26037917264791
 31
0.0
  0
LINE
  5
627
330
52A
100
AcDbEntity
  8
0_1
  6
ByBlock
 62
   142
 48
55.9000015258789
370
     9
100
AcDbLine
 10
274.6804143472376
 20
12.26037917264791
 30
0.0
 11
274.7981406144428
 21
12.44654832537674
 31
0.0
  0
LINE
  5
628
330
52A
100
AcDbEntity
  8
0_1
  6
ByBlock
 62
   142
 48
55.9000015258789
370
     9
100
AcDbLine
 10
274.7981406144428
 20
12.44654832537674
 30
0.0
 11
274.9871038887591
 21
12.74471278458521
 31
0.0
  0
LINE
  5
629
330
52A
100
AcDbEntity
  8
0_1
  6
ByBlock
 62
   142
 48
55.9000015258789
370
     9
100
AcDbLine
 10
274.9871038887591
 20
12.74471278458521
 30
0.0
 11
275.0857190975409
 21
12.84305434228602
 31
0.0
  0
LINE
  5
62A
330
52A
100
AcDbEntity
  8
0_1
  6
ByBlock
 62
   142
 48
55.9000015258789
370
     9
100
AcDbLine
 10
275.0857190975409
 20
12.84305434228602
 30
0.0
 11
275.3503213643316
 21
13.33862205131967
 31
0.0
  0
LINE
  5
62B
330
52A
100
AcDbEntity
  8
0_1
  6
ByBlock
 62
   142
 48
55.9000015258789
370
     9
100
AcDbLine
 10
275.3503213643316
 20
13.33862205131967
 30
0.0
 11
275.53130329768
 21
13.67757909493752
 31
0.0
  0
LINE
  5
62C
330
52A
100
AcDbEntity
  8
0_1
  6
ByBlock
 62
   142
 48
55.9000015258789
370
     9
100
AcDbLine
 10
275.53130329768
 20
13.67757909493752
 30
0.0
 11
275.7146124948628
 21
14.02917335850035
 31
0.0
  0
LINE
  5
62D
330
52A
100
AcDbEntity
  8
0_1
  6
ByBlock
 62
   142
 48
55.9000015258789
370
     9
100
AcDbLine
 10
275.7146124948628
 20
14.02917335850035
 30
0.0
 11
275.8219243088859
 21
14.19002258468506
 31
0.0
  0
LINE
  5
62E
330
52A
100
AcDbEntity
  8
0_1
  6
ByBlock
 62
   142
 48
55.9000015258789
370
     9
100
AcDbLine
 10
275.8219243088859
 20
14.19002258468506
 30
0.0
 11
275.9375032661565
 21
14.33848549868095
 31
0.0
  0
LINE
  5
62F
330
52A
100
AcDbEntity
  8
0_1
  6
ByBlock
 62
   142
 48
55.9000015258789
370
     9
100
AcDbLine
 10
275.9375032661565
 20
14.33848549868095
 30
0.0
 11
276.0208188916477
 21
14.43273669281798
 31
0.0
  0
LINE
  5
630
330
52A
100
AcDbEntity
  8
0_1
  6
ByBlock
 62
   142
 48
55.9000015258789
370
     9
100
AcDbLine
 10
276.0208188916477
 20
14.43273669281798
 30
0.0
 11
276.1014167340059
 21
14.52391338197247
 31
0.0
  0
LINE
  5
631
330
52A
100
AcDbEntity
  8
0_1
  6
ByBlock
 62
   142
 48
55.9000015258789
370
     9
100
AcDbLine
 10
276.1014167340059
 20
14.52391338197247
 30
0.0
 11
276.238234022602
 21
14.5804506670083
 31
0.0
  0
LINE
  5
632
330
52A
100
AcDbEntity
  8
0_1
  6
ByBlock
 62
   142
 48
55.9000015258789
370
     9
100
AcDbLine
 10
276.238234022602
 20
14.5804506670083
 30
0.0
 11
276.3253818656284
 21
14.61646294653839
 31
0.0
  0
LINE
  5
633
330
52A
100
AcDbEntity
  8
0_1
  6
ByBlock
 62
   142
 48
55.9000015258789
370
     9
100
AcDbLine
 10
276.3253818656284
 20
14.61646294653839
 30
0.0
 11
276.4701971783708
 21
14.66735648996494
 31
0.0
  0
LINE
  5
634
330
52A
100
AcDbEntity
  8
0_1
  6
ByBlock
 62
   142
 48
55.9000015258789
370
     9
100
AcDbLine
 10
276.4701971783708
 20
14.66735648996494
 30
0.0
 11
276.5716575728208
 21
14.66735648996494
 31
0.0
  0
LINE
  5
635
330
52A
100
AcDbEntity
  8
0_1
  6
ByBlock
 62
   142
 48
55.9000015258789
370
     9
100
AcDbLine
 10
276.5716575728208
 20
14.66735648996494
 30
0.0
 11
276.6702190988512
 21
14.66735648996494
 31
0.0
  0
LINE
  5
636
330
52A
100
AcDbEntity
  8
0_1
  6
ByBlock
 62
   142
 48
55.9000015258789
370
     9
100
AcDbLine
 10
276.6702190988512
 20
14.66735648996494
 30
0.0
 11
276.7079043882187
 21
14.58914989091596
 31
0.0
  0
LINE
  5
637
330
52A
100
AcDbEntity
  8
0_1
  6
ByBlock
 62
   142
 48
55.9000015258789
370
     9
100
AcDbLine
 10
276.7079043882187
 20
14.58914989091596
 30
0.0
 11
276.7079043882187
 21
14.47038532079565
 31
0.0
  0
LINE
  5
638
330
52A
100
AcDbEntity
  8
0_1
  6
ByBlock
 62
   142
 48
55.9000015258789
370
     9
100
AcDbLine
 10
276.7079043882187
 20
14.47038532079565
 30
0.0
 11
276.7079043882187
 21
14.36322931768098
 31
0.0
  0
LINE
  5
639
330
52A
100
AcDbEntity
  8
0_1
  6
ByBlock
 62
   142
 48
55.9000015258789
370
     9
100
AcDbLine
 10
276.7079043882187
 20
14.36322931768098
 30
0.0
 11
276.6731179672708
 21
14.30239236107401
 31
0.0
  0
LINE
  5
63A
330
52A
100
AcDbEntity
  8
0_1
  6
ByBlock
 62
   142
 48
55.9000015258789
370
     9
100
AcDbLine
 10
276.6731179672708
 20
14.30239236107401
 30
0.0
 11
276.6383315463143
 21
14.21257719501937
 31
0.0
  0
LINE
  5
63B
330
52A
100
AcDbEntity
  8
0_1
  6
ByBlock
 62
   142
 48
55.9000015258789
370
     9
100
AcDbLine
 10
276.6383315463143
 20
14.21257719501937
 30
0.0
 11
276.583253046473
 21
14.12858071515638
 31
0.0
  0
LINE
  5
63C
330
52A
100
AcDbEntity
  8
0_1
  6
ByBlock
 62
   142
 48
55.9000015258789
370
     9
100
AcDbLine
 10
276.583253046473
 20
14.12858071515638
 30
0.0
 11
276.5307894984898
 21
14.04857212079724
 31
0.0
  0
LINE
  5
63D
330
52A
100
AcDbEntity
  8
0_1
  6
ByBlock
 62
   142
 48
55.9000015258789
370
     9
100
AcDbLine
 10
276.5307894984898
 20
14.04857212079724
 30
0.0
 11
276.4700898128767
 21
13.98530276905279
 31
0.0
  0
LINE
  5
63E
330
52A
100
AcDbEntity
  8
0_1
  6
ByBlock
 62
   142
 48
55.9000015258789
370
     9
100
AcDbLine
 10
276.4700898128767
 20
13.98530276905279
 30
0.0
 11
276.3763597341948
 21
13.86613492365424
 31
0.0
  0
LINE
  5
63F
330
52A
100
AcDbEntity
  8
0_1
  6
ByBlock
 62
   142
 48
55.9000015258789
370
     9
100
AcDbLine
 10
276.3763597341948
 20
13.86613492365424
 30
0.0
 11
276.2694236994141
 21
13.70174263607652
 31
0.0
  0
LINE
  5
640
330
52A
100
AcDbEntity
  8
0_1
  6
ByBlock
 62
   142
 48
55.9000015258789
370
     9
100
AcDbLine
 10
276.2694236994141
 20
13.70174263607652
 30
0.0
 11
276.1643572985068
 21
13.54022452828327
 31
0.0
  0
LINE
  5
641
330
52A
100
AcDbEntity
  8
0_1
  6
ByBlock
 62
   142
 48
55.9000015258789
370
     9
100
AcDbLine
 10
276.1643572985068
 20
13.54022452828327
 30
0.0
 11
275.9721850941676
 21
13.24479905879613
 31
0.0
  0
LINE
  5
642
330
52A
100
AcDbEntity
  8
0_1
  6
ByBlock
 62
   142
 48
55.9000015258789
370
     9
100
AcDbLine
 10
275.9721850941676
 20
13.24479905879613
 30
0.0
 11
275.8841188664351
 21
13.1094152411244
 31
0.0
  0
LINE
  5
643
330
52A
100
AcDbEntity
  8
0_1
  6
ByBlock
 62
   142
 48
55.9000015258789
370
     9
100
AcDbLine
 10
275.8841188664351
 20
13.1094152411244
 30
0.0
 11
275.6927636162741
 21
12.90204775475457
 31
0.0
  0
LINE
  5
644
330
52A
100
AcDbEntity
  8
0_1
  6
ByBlock
 62
   142
 48
55.9000015258789
370
     9
100
AcDbLine
 10
275.6927636162741
 20
12.90204775475457
 30
0.0
 11
275.4725032996516
 21
12.57614371731516
 31
0.0
  0
LINE
  5
645
330
52A
100
AcDbEntity
  8
0_1
  6
ByBlock
 62
   142
 48
55.9000015258789
370
     9
100
AcDbLine
 10
275.4725032996516
 20
12.57614371731516
 30
0.0
 11
275.3356358578052
 21
12.37363037957131
 31
0.0
  0
LINE
  5
646
330
52A
100
AcDbEntity
  8
0_1
  6
ByBlock
 62
   142
 48
55.9000015258789
370
     9
100
AcDbLine
 10
275.3356358578052
 20
12.37363037957131
 30
0.0
 11
275.2817148118917
 21
12.29805660600322
 31
0.0
  0
LINE
  5
647
330
52A
100
AcDbEntity
  8
0_1
  6
ByBlock
 62
   142
 48
55.9000015258789
370
     9
100
AcDbLine
 10
275.2817148118917
 20
12.29805660600322
 30
0.0
 11
275.239090709673
 21
12.20273961290662
 31
0.0
  0
LINE
  5
648
330
52A
100
AcDbEntity
  8
0_1
  6
ByBlock
 62
   142
 48
55.9000015258789
370
     9
100
AcDbLine
 10
275.239090709673
 20
12.20273961290662
 30
0.0
 11
275.239090709673
 21
12.07706175226181
 31
0.0
  0
LINE
  5
649
330
52A
100
AcDbEntity
  8
0_1
  6
ByBlock
 62
   142
 48
55.9000015258789
370
     9
100
AcDbLine
 10
275.239090709673
 20
12.07706175226181
 30
0.0
 11
275.3466172546931
 21
12.14394783808153
 31
0.0
  0
LINE
  5
64A
330
52A
100
AcDbEntity
  8
0_1
  6
ByBlock
 62
   142
 48
55.9000015258789
370
     9
100
AcDbLine
 10
275.3466172546931
 20
12.14394783808153
 30
0.0
 11
275.4501175935749
 21
12.24329758398228
 31
0.0
  0
LINE
  5
64B
330
52A
100
AcDbEntity
  8
0_1
  6
ByBlock
 62
   142
 48
55.9000015258789
370
     9
100
AcDbLine
 10
275.4501175935749
 20
12.24329758398228
 30
0.0
 11
275.5657502335969
 21
12.37508218458643
 31
0.0
  0
LWPOLYLINE
  5
64C
330
52A
100
AcDbEntity
  8
0_1
  6
ByBlock
 62
   142
 48
55.9000015258789
370
     9
100
AcDbPolyline
 90
        9
 70
     0
 43
0.0
 10
273.4631043448779
 20
13.72133029255756
 10
274.3878433685454
 20
14.24489682821656
 10
275.1563119116698
 20
14.5571183114908
 10
275.8050679258913
 20
14.76319197985034
 10
276.5962979543262
 20
14.87559056161257
 10
277.0961860013651
 20
14.94660241089561
 10
277.511320400545
 20
14.94660241089561
 10
277.9350383335383
 20
14.90183226022806
 10
278.2987926365901
 20
14.78568897942937
  0
LWPOLYLINE
  5
64D
330
52A
100
AcDbEntity
  8
0_1
  6
ByBlock
 62
   142
 48
55.9000015258789
370
     9
100
AcDbPolyline
 90
       10
 70
     0
 43
0.0
 10
276.5307894984898
 20
14.04857212079724
 10
276.3341650939699
 20
13.96398678993955
 10
276.1631318576156
 20
13.80532677242056
 10
275.9630767034048
 20
13.61974439703913
 10
275.7519220049877
 20
13.31716204532257
 10
275.6514056856395
 20
13.17312326938122
 10
275.4750800715714
 20
13.08934031718956
 10
275.3470187029373
 20
13.02849062395254
 10
275.2091842993837
 20
12.9629971713739
 10
275.0857190975409
 20
12.84305434228602
  0
LWPOLYLINE
  5
64E
330
52A
100
AcDbEntity
  8
0_1
  6
ByBlock
 62
   142
 48
55.9000015258789
370
     9
100
AcDbPolyline
 90
       18
 70
     0
 43
0.0
 10
276.1200782934116
 20
12.84305434228602
 10
275.9164059460441
 20
12.57623013344807
 10
275.7904995562417
 20
12.41128445829438
 10
275.7289994714317
 20
12.19919655151362
 10
275.702828691296
 20
12.10894454625333
 10
275.6749409438063
 20
12.01922055488139
 10
275.6749409438063
 20
11.92923255656527
 10
275.7289994714317
 20
11.87925522715404
 10
275.795029251943
 20
11.87925522715404
 10
275.8870951654269
 20
11.87925522715404
 10
275.9451262164305
 20
11.93124893296952
 10
276.4094819899533
 20
12.23119932556548
 10
276.599626284731
 20
12.34319463204513
 10
276.7217008545568
 20
12.39518833786061
 10
276.8417891626936
 20
12.4511859911026
 10
277.015935998447
 20
12.51717911022424
 10
277.1640467012454
 20
12.57317676346623
 10
277.5146289426564
 20
12.68252279637119
  0
LWPOLYLINE
  5
64F
330
52A
100
AcDbEntity
  8
0_1
  6
ByBlock
 62
   142
 48
55.9000015258789
370
     9
100
AcDbPolyline
 90
        6
 70
     0
 43
0.0
 10
277.5146289426564
 20
12.68252279637119
 10
277.7192873677819
 20
13.02766800464411
 10
277.911364241506
 20
13.27905253130704
 10
278.0198033932391
 20
13.43955609296444
 10
278.1925007947916
 20
13.61610424971424
 10
278.3009399465247
 20
13.6642380349827
  0
LWPOLYLINE
  5
650
330
52A
100
AcDbEntity
  8
0_1
  6
ByBlock
 62
   142
 48
55.9000015258789
370
     9
100
AcDbPolyline
 90
        6
 70
     0
 43
0.0
 10
277.5146289426564
 20
12.68252279637119
 10
277.4426064826112
 20
12.5780736775865
 10
277.4115778540446
 20
12.48226699308307
 10
277.3749125368931
 20
12.39492908946621
 10
277.3749125368931
 20
12.3160023559893
 10
277.4055117034745
 20
12.28541104541998
  0
LWPOLYLINE
  5
651
330
52A
100
AcDbEntity
  8
0_1
  6
ByBlock
 62
   142
 48
55.9000015258789
370
     9
100
AcDbPolyline
 90
       11
 70
     0
 43
0.0
 10
277.4055117034745
 20
12.28541104541998
 10
277.5046637397443
 20
12.3055460040718
 10
277.582396359402
 20
12.34253210837249
 10
277.7953021394989
 20
12.46818116363966
 10
278.0353713902696
 20
12.57864978513057
 10
278.2659387945799
 20
12.71749170314741
 10
278.4870043524302
 20
12.83426870224545
 10
278.6702235726674
 20
12.96366245654474
 10
278.8439409464357
 20
13.12776669035042
 10
279.0257365312243
 20
13.29950210462595
 10
279.1061274895434
 20
13.36446047465257
  0
LWPOLYLINE
  5
652
330
52A
100
AcDbEntity
  8
0_1
  6
ByBlock
 62
   142
 48
55.9000015258789
370
     9
100
AcDbPolyline
 90
       15
 70
     0
 43
0.0
 10
278.4870043524302
 20
12.83426870224545
 10
278.3164542608124
 20
12.67016446843977
 10
278.2582621615633
 20
12.57599969043131
 10
278.2462372259259
 20
12.52135588991658
 10
278.2702870972007
 20
12.45573724069555
 10
278.3042145941781
 20
12.40544305213899
 10
278.374270580819
 20
12.38248516652209
 10
278.4661754460574
 20
12.38248516652209
 10
278.5755808872638
 20
12.41091607380332
 10
278.7003395945035
 20
12.46339947102561
 10
278.9180231392062
 20
12.57723832164803
 10
279.2138150828004
 20
12.75637896234179
 10
279.4109918176213
 20
12.8683166580705
 10
279.5813271782421
 20
13.00266493724968
 10
279.6522957716049
 20
13.04794699017977
  0
LWPOLYLINE
  5
653
330
52A
100
AcDbEntity
  8
0_1
  6
ByBlock
 62
   142
 48
55.9000015258789
370
     9
100
AcDbPolyline
 90
       68
 70
     0
 43
0.0
 10
279.2138150828004
 20
12.75637896234179
 10
279.1655542920054
 20
12.5836043100061
 10
279.1655542920054
 20
12.46777788835708
 10
279.1809612407902
 20
12.35342054094587
 10
279.2126340623389
 20
12.30721671594874
 10
279.2868236206036
 20
12.28777308634721
 10
279.3659519917283
 20
12.28777308634721
 10
279.4953274153284
 20
12.3228292303809
 10
279.638445622524
 20
12.45856016766063
 10
279.8364275985639
 20
12.68151378704668
 10
280.0319401681868
 20
12.83556494421743
 10
280.2155434328664
 20
12.98023234559591
 10
280.5060125191669
 20
13.26329598999103
 10
280.7125300522026
 20
13.42835080124139
 10
280.9163097650643
 20
13.57692893674781
 10
281.1134860722747
 20
13.7206924531449
 10
281.3761025049782
 20
13.85752211587516
 10
281.6487035012767
 20
14.00883676220941
 10
281.8194146411399
 20
14.10513313813267
 10
281.9736451772424
 20
14.16841855179978
 10
282.0154640382335
 20
14.16841855179978
 10
282.0154640382335
 20
14.11103824045288
 10
281.9296253235739
 20
14.03479040705286
 10
281.7450640346296
 20
13.85055121459537
 10
281.6063478127975
 20
13.72115746029608
 10
281.3935493982035
 20
13.56710630312966
 10
281.0760696242575
 20
13.31148738601478
 10
280.7962214569275
 20
13.12606717309585
 10
280.5908849443619
 20
12.9575845219587
 10
280.2927846425789
 20
12.78256305020201
 10
279.9946843408047
 20
12.62597701984254
 10
279.6736615054656
 20
12.42874660227885
 10
279.3521018426387
 20
12.21760318753322
 10
279.081272377041
 20
11.90385501927023
 10
278.9286523233852
 20
11.66370458970366
 10
278.7508550607359
 20
11.39054319788962
 10
278.5778892454439
 20
11.12305646537904
 10
278.4167336347923
 20
10.88886874888795
 10
278.2995978778178
 20
10.64563614396625
 10
278.1454747072095
 20
10.45791150087103
 10
278.0376260656983
 20
10.32730792072832
 10
277.8558025969281
 20
10.23950913107794
 10
277.7072624321446
 20
10.17288229365695
 10
277.5163128961393
 20
10.11532915004858
 10
277.3303021729851
 20
10.07635547472128
 10
277.1156248621962
 20
10.05339758910439
 10
276.9457189635606
 20
10.05339758910439
 10
276.7172451864421
 20
10.05339758910439
 10
276.5076140539986
 20
10.05339758910439
 10
276.4828126242476
 20
10.05339758910439
 10
276.4121661273672
 20
10.08257743619116
 10
276.3816743262886
 20
10.14617970900795
 10
276.4028790119039
 20
10.21637841319956
 10
276.4586017047273
 20
10.28130573337031
 10
276.5235578302714
 20
10.33560386935774
 10
276.5938285479005
 20
10.38065547926672
 10
276.7118232288541
 20
10.43365737328216
 10
276.8522877071174
 20
10.49675244951542
 10
277.212253809289
 20
10.62460821862069
 10
277.4458811302645
 20
10.71796644606832
 10
277.7178379335722
 20
10.80798324976207
 10
278.0834174500763
 20
10.9209003283131
 10
278.6832147977693
 20
11.05907972265731
 10
279.1522494267775
 20
11.1671344201517
 10
279.4618830630875
 20
11.22073549940286
 10
279.7619159438081
 20
11.26788990184901
 10
280.131306935445
 20
11.31538996882247
 10
280.5271635220307
 20
11.37645736844621
  0
LWPOLYLINE
  5
654
330
52A
100
AcDbEntity
  8
EPLAN300
 62
   142
 48
4.0
370
    13
100
AcDbPolyline
 90
        2
 70
     0
 43
0.0
 10
275.5816532258067
 20
8.380040322580642
 10
275.6239919354841
 20
6.740927419354834
  0
LWPOLYLINE
  5
655
330
52A
100
AcDbEntity
  8
EPLAN300
 62
   142
 48
4.0
370
    13
100
AcDbPolyline
 90
        2
 70
     0
 43
0.0
 10
277.4264112903228
 20
7.871975806451607
 10
277.3296370967744
 20
5.065524193548387
  0
LWPOLYLINE
  5
656
330
52A
100
AcDbEntity
  8
EPLAN300
 62
   142
 48
4.0
370
    13
100
AcDbPolyline
 90
        7
 70
     0
 43
0.0
 10
274.4385080645164
 20
8.960685483870971
 10
274.3175403225809
 20
8.367943548387094
 10
273.9909274193551
 20
7.103830645161286
 10
273.8215725806454
 20
6.644153225806447
 10
273.7006048387099
 20
6.571572580645157
 10
273.5796370967744
 20
6.583669354838706
 10
273.6038306451616
 20
6.595766129032254
  0
LWPOLYLINE
  5
657
330
52A
100
AcDbEntity
  8
EPLAN300
 62
   142
 48
4.0
370
    13
100
AcDbPolyline
 90
        7
 70
     0
 43
0.0
 10
273.5433467741938
 20
8.113911290322576
 10
273.5554435483874
 20
8.222782258064512
 10
273.6038306451616
 20
8.283266129032256
 10
273.6824596774196
 20
8.373991935483866
 10
274.2631048387099
 20
8.851814516129028
 10
274.6320564516132
 20
9.130040322580649
 10
275.0796370967744
 20
9.408266129032258
  0
LWPOLYLINE
  5
658
330
52A
100
AcDbEntity
  8
EPLAN300
 62
   142
 48
4.0
370
    13
100
AcDbPolyline
 90
       12
 70
     0
 43
0.0
 10
274.0393145161293
 20
7.146169354838706
 10
274.2389112903228
 20
7.224798387096768
 10
274.5776209677422
 20
7.623991935483865
 10
274.6381048387099
 20
7.944556451612896
 10
274.7590725806454
 20
8.029233870967736
 10
274.9344758064519
 20
8.059475806451608
 10
275.0070564516132
 20
7.968749999999996
 10
275.0191532258067
 20
7.871975806451607
 10
275.0070564516132
 20
7.708669354838706
 10
274.9284274193551
 20
7.575604838709672
 10
274.7227822580648
 20
7.533266129032254
 10
274.5836693548389
 20
7.636088709677413
  0
LWPOLYLINE
  5
659
330
52A
100
AcDbEntity
  8
EPLAN300
 62
   142
 48
4.0
370
    13
100
AcDbPolyline
 90
        8
 70
     0
 43
0.0
 10
274.9949596774196
 20
8.119959677419352
 10
275.0191532258067
 20
7.926411290322576
 10
275.0312500000003
 20
7.623991935483865
 10
275.0796370967744
 20
7.605846774193544
 10
275.2550403225809
 20
7.738911290322576
 10
275.4183467741938
 20
7.914314516129027
 10
275.5816532258067
 20
8.380040322580642
 10
275.5090725806454
 20
9.746975806451612
  0
LWPOLYLINE
  5
65A
330
52A
100
AcDbEntity
  8
EPLAN300
 62
   142
 48
4.0
370
    13
100
AcDbPolyline
 90
       19
 70
     0
 43
0.0
 10
275.521169354839
 20
9.559475806451612
 10
275.5997983870971
 20
9.740927419354838
 10
275.6905241935486
 20
9.837701612903224
 10
275.8659274193551
 20
9.934475806451612
 10
276.1320564516132
 20
9.916330645161286
 10
276.2590725806454
 20
9.746975806451612
 10
276.2832661290326
 20
9.474798387096774
 10
276.1320564516132
 20
9.251008064516126
 10
275.8114919354841
 20
9.021169354838713
 10
275.6905241935486
 20
8.888104838709674
 10
275.9808467741938
 20
9.057459677419354
 10
276.2227822580648
 20
9.184475806451612
 10
276.4768145161293
 20
9.075604838709679
 10
276.5131048387099
 20
8.73689516129032
 10
276.3860887096777
 20
8.373991935483866
 10
276.1804435483874
 20
8.21673387096774
 10
275.8659274193551
 20
8.144153225806446
 10
275.7026209677422
 20
8.17439516129032
 10
275.5877016129035
 20
8.198588709677416
  0
LWPOLYLINE
  5
65B
330
52A
100
AcDbEntity
  8
EPLAN300
 62
   142
 48
4.0
370
    13
100
AcDbPolyline
 90
       15
 70
     0
 43
0.0
 10
276.2832661290326
 20
7.599798387096768
 10
276.404233870968
 20
7.738911290322576
 10
276.3377016129035
 20
7.920362903225802
 10
276.0534274193551
 20
7.896169354838706
 10
275.8840725806454
 20
7.45463709677419
 10
275.9868951612906
 20
6.946572580645157
 10
276.3014112903228
 20
7.013104838709672
 10
276.591733870968
 20
7.230846774193544
 10
276.7913306451616
 20
7.605846774193544
 10
276.6340725806454
 20
7.648185483870964
 10
276.5372983870971
 20
7.412298387096768
 10
276.6280241935486
 20
7.188508064516123
 10
276.966733870968
 20
7.230846774193544
 10
277.2872983870971
 20
7.424395161290317
 10
277.4264112903228
 20
7.871975806451607
  0
LWPOLYLINE
  5
65C
330
52A
100
AcDbEntity
  8
EPLAN300
 62
   142
 48
4.0
370
    13
100
AcDbPolyline
 90
       29
 70
     0
 43
0.0
 10
277.4264112903228
 20
7.871975806451607
 10
277.7106854838713
 20
8.1320564516129
 10
278.0191532258067
 20
8.198588709677416
 10
278.2489919354841
 20
8.095766129032254
 10
278.4062500000003
 20
7.914314516129027
 10
278.4304435483874
 20
7.763104838709672
 10
278.3699596774196
 20
7.636088709677413
 10
278.1703629032261
 20
7.503024193548382
 10
277.9405241935486
 20
7.357862903225802
 10
277.4808467741938
 20
7.07963709677419
 10
276.966733870968
 20
6.686491935483865
 10
276.5675403225809
 20
6.498991935483865
 10
275.6784274193551
 20
6.275201612903223
 10
275.3578629032261
 20
6.22681451612903
 10
274.5231854838712
 20
5.978830645161286
 10
273.8760080645164
 20
5.894153225806449
 10
273.3558467741938
 20
5.857862903225803
 10
273.1502016129035
 20
5.882056451612901
 10
273.0655241935486
 20
6.021169354838707
 10
273.0715725806454
 20
6.396169354838707
 10
273.271169354839
 20
6.70463709677419
 10
273.7006048387099
 20
6.880040322580641
 10
274.8618951612906
 20
7.376008064516123
 10
275.3276209677422
 20
7.654233870967737
 10
275.7812500000003
 20
7.908266129032254
 10
276.4828629032261
 20
8.3195564516129
 10
277.1300403225809
 20
8.700604838709674
 10
278.1885080645164
 20
9.099798387096775
 10
279.3497983870971
 20
9.589717741935483
  0
ATTDEF
  5
65D
330
52A
100
AcDbEntity
  8
EPLAN451
 62
     7
100
AcDbText
 10
284.0167079207921
 20
6.181499999999999
 30
0.0
 40
2.197499999999998
  1
14_40006
  7
GOST Type BU
 72
     1
 11
290.0
 21
7.280249999999998
 31
0.0
100
AcDbAttributeDefinition
280
     0
  3
Дата
  2
14_40006
 70
     0
 74
     2
280
     0
  0
ATTDEF
  5
65E
330
52A
100
AcDbEntity
  8
EPLAN451
 62
     7
100
AcDbText
 10
284.0167079207921
 20
11.1815
 30
0.0
 40
2.197499999999998
  1
14_40006
  7
GOST Type BU
 72
     1
 11
290.0
 21
12.28025
 31
0.0
100
AcDbAttributeDefinition
280
     0
  3
Дата
  2
14_40006_1
 70
     0
 74
     2
280
     0
  0
ATTDEF
  5
65F
330
52A
100
AcDbEntity
  8
EPLAN451
 62
     7
100
AcDbText
 10
284.0167079207921
 20
26.1815
 30
0.0
 40
2.197499999999998
  1
14_40006
  7
GOST Type BU
 72
     1
 11
290.0
 21
27.28025
 31
0.0
100
AcDbAttributeDefinition
280
     0
  3
Дата
  2
14_40006_2
 70
     0
 74
     2
280
     0
  0
ATTDEF
  5
660
330
52A
100
AcDbEntity
  8
EPLAN451
 62
     7
100
AcDbText
 10
284.0167079207921
 20
31.18150000000001
 30
0.0
 40
2.197499999999998
  1
14_40006
  7
GOST Type BU
 72
     1
 11
290.0
 21
32.28025000000001
 31
0.0
100
AcDbAttributeDefinition
280
     0
  3
Дата
  2
14_40006_3
 70
     0
 74
     2
280
     0
  0
TEXT
  5
661
330
52A
100
AcDbEntity
  8
EPLAN201
 62
     7
100
AcDbText
 10
286.51772392148
 20
36.18150000000001
 30
0.0
 40
2.197499999999998
  1
Дата
  7
GOST Type BU
 72
     1
 11
289.999999911579
 21
37.28025000000001
 31
0.0
100
AcDbText
 73
     2
  0
LWPOLYLINE
  5
662
330
52A
100
AcDbEntity
  8
EPLAN201
  6
Continuous
 62
     7
 48
4.0
370
    35
100
AcDbPolyline
 90
        4
 70
     1
 43
0.0
 10
284.999999823158
 20
35.0
 10
294.9999999999999
 20
35.0
 10
294.9999999999999
 20
40.0
 10
284.999999823158
 20
40.0
  0
ATTDEF
  5
663
330
52A
100
AcDbEntity
  8
EPLAN452
 62
     7
100
AcDbText
 10
284.2342821782178
 20
41.18149999999999
 30
0.0
 40
2.197499999999998
  1
14_40013
  7
GOST Type BU
 72
     1
 11
290.0
 21
42.28025
 31
0.0
100
AcDbAttributeDefinition
280
     0
  3
Дата изм.
  2
14_40013
 70
     0
 74
     2
280
     0
  0
ATTDEF
  5
664
330
52A
100
AcDbEntity
  8
EPLAN451
 62
     7
100
AcDbText
 10
252.7342821782178
 20
41.18149999999999
 30
0.0
 40
2.197499999999998
  1
14_40012
  7
GOST Type BU
 72
     1
 11
258.5
 21
42.28025
 31
0.0
100
AcDbAttributeDefinition
280
     0
  3
№ докум.
  2
14_40012
 70
     0
 74
     2
280
     0
  0
ATTDEF
  5
665
330
52A
100
AcDbEntity
  8
EPLAN451
 62
     7
100
AcDbText
 10
236.4518564356436
 20
41.18149999999999
 30
0.0
 40
2.197499999999998
  1
14_40011
  7
GOST Type BU
 72
     1
 11
242.0
 21
42.28025
 31
0.0
100
AcDbAttributeDefinition
280
     0
  3
Лист
  2
14_40011
 70
     0
 74
     2
280
     0
  0
ATTDEF
  5
666
330
52A
100
AcDbEntity
  8
EPLAN451
 62
     7
100
AcDbText
 10
227.7342821782178
 20
41.18149999999999
 30
0.0
 40
2.197499999999998
  1
14_40010
  7
GOST Type BU
 72
     1
 11
233.5
 21
42.28025
 31
0.0
100
AcDbAttributeDefinition
280
     0
  3
Изм.
  2
14_40010
 70
     0
 74
     2
280
     0
  0
ATTDEF
  5
667
330
52A
100
AcDbEntity
  8
EPLAN452
 62
     7
100
AcDbText
 10
233.0
 20
62.78326732673267
 30
0.0
 40
2.197499999999998
  1
4_11059
  7
GOST Type BU
 11
233.0
 21
62.0
 31
0.0
100
AcDbAttributeDefinition
280
     0
  3
Особые примечания автора
  2
4_11059
 70
     0
 74
     1
280
     0
  0
ATTDEF
  5
668
330
52A
100
AcDbEntity
  8
EPLAN452
 62
     7
100
AcDbText
 10
373.1045792079208
 20
21.1815
 30
0.0
 40
2.197499999999998
  1
4_11000
  7
GOST Type BU
 72
     1
 11
378.0
 21
22.28025
 31
0.0
100
AcDbAttributeDefinition
280
     0
  3
Имя страницы
  2
4_11000
 70
     0
 74
     2
280
     0
  0
ATTDEF
  5
669
330
52A
100
AcDbEntity
  8
EPLAN452
 62
     7
100
AcDbText
 10
399.995792079208
 20
21.1815
 30
0.0
 40
2.197499999999998
  1
4_11004
  7
GOST Type BU
 72
     1
 11
405.0
 21
22.28025
 31
0.0
100
AcDbAttributeDefinition
280
     0
  3
Количество страниц в структуре
  2
4_11004
 70
     0
 74
     2
280
     0
  0
TEXT
  5
66A
330
52A
100
AcDbEntity
  8
EPLAN201
 62
     7
100
AcDbText
 10
386.2133663366337
 20
21.1815
 30
0.0
 40
2.197499999999998
  1
Листов
  7
GOST Type BU
 72
     1
 11
391.0
 21
22.28025
 31
0.0
100
AcDbText
 73
     2
  0
ATTDEF
  5
66B
330
52A
100
AcDbEntity
  8
EPLAN452
 62
     7
100
AcDbText
 10
44.90455445544554
 20
283.5936
 30
0.0
 40
3.516
  1
4_11090[1]
  7
GOST Type BU
 72
     1
 11
55.0
 21
285.3516
 31
0.0
100
AcDbAttributeDefinition
280
     0
  3
Свойство блока[1]
  2
4_11090[1]
 70
     0
 74
     2
280
     0
  0
ATTDEF
  5
66C
330
52A
100
AcDbEntity
  8
EPLAN452
 62
     7
100
AcDbText
 10
344.9045544554455
 20
50.39039999999999
 30
0.0
 40
3.516
  1
4_11090[1]
  7
GOST Type BU
 72
     1
 11
355.0
 21
52.1484
 31
0.0
100
AcDbAttributeDefinition
280
     0
  3
Свойство блока[1]
  2
4_11090[1]_1
 70
     0
 74
     2
280
     0
  0
TEXT
  5
66D
330
52A
100
AcDbEntity
  8
EPLAN442
 62
    73
100
AcDbText
 10
32.0
 20
271.05068
 30
0.0
 40
1.5822
  1

  7
GOST Type BU
 72
     2
 11
32.0
 21
271.84178
 31
0.0
100
AcDbText
 73
     2
  0
TEXT
  5
66E
330
52A
100
AcDbEntity
  8
EPLAN442
 62
    73
100
AcDbText
 10
32.0
 20
271.05068
 30
0.0
 40
1.5822
  1

  7
GOST Type BU
 72
     2
 11
32.0
 21
271.84178
 31
0.0
100
AcDbText
 73
     2
  0
TEXT
  5
66F
330
52A
100
AcDbEntity
  8
EPLAN405
 62
     1
100
AcDbText
 10
80.0
 20
272.0
 30
0.0
 40
1.1427
  1

  7
GOST Type BU
100
AcDbText
  0
TEXT
  5
670
330
52A
100
AcDbEntity
  8
EPLAN405
 62
     1
100
AcDbText
 10
80.0
 20
272.0
 30
0.0
 40
1.1427
  1

  7
GOST Type BU
100
AcDbText
  0
ENDBLK
  5
671
330
52A
100
AcDbEntity
  8
0
100
AcDbBlockEnd
  0
BLOCK
  5
673
330
672
100
AcDbEntity
  8
0
100
AcDbBlockBegin
  2
EPLSYM_LibrarySPECIAL_Symbol0_Variant0_Placement1
 70
     2
 10
0.0
 20
0.0
 30
0.0
  3
EPLSYM_LibrarySPECIAL_Symbol0_Variant0_Placement1
  1

  0
ATTDEF
  5
674
330
672
100
AcDbEntity
  8
EPLAN400
 62
     5
100
AcDbText
 10
-12.59628712871286
 20
-3.136999999999998
 30
0.0
 40
2.197499999999998
  1
17_20010
  7
GOST Type BU
 72
     2
 11
-1.5
 21
-0.9394999999999999
 31
0.0
100
AcDbAttributeDefinition
280
     0
  3
ОУ (видимое)
  2
17_20010
 70
     0
 74
     3
280
     0
  0
ATTDEF
  5
675
330
672
100
AcDbEntity
  8
EPLAN440
 62
    73
100
AcDbText
 10
-9.802633663366336
 20
-6.23114
 30
0.0
 40
1.5822
  1
17_20300
  7
GOST Type BU
 72
     2
 11
-1.5
 21
-4.64894
 31
0.0
100
AcDbAttributeDefinition
280
     0
  3
Перекр. ссылка (основ. / вспомогат. функция)
  2
17_20300
 70
     0
 74
     3
280
     0
  0
ATTDEF
  5
676
330
672
100
AcDbEntity
  8
EPLAN500
 62
     7
100
AcDbText
 10
-9.802633663366336
 20
-8.990539999999999
 30
0.0
 40
1.5822
  1
17_20027
  7
GOST Type BU
 72
     2
 11
-1.5
 21
-7.408339999999999
 31
0.0
100
AcDbAttributeDefinition
280
     0
  3
Технические параметры
  2
17_20027
 70
     0
 74
     3
280
     0
  0
ATTDEF
  5
677
330
672
100
AcDbEntity
  8
EPLAN504
 62
     7
100
AcDbText
 10
-11.52582178217822
 20
-11.74994
 30
0.0
 40
1.5822
  1
17_20901[1]
  7
GOST Type BU
 72
     2
 11
-1.5
 21
-10.16774
 31
0.0
100
AcDbAttributeDefinition
280
     0
  3
Доп. поле[1]
  2
17_20901[1]
 70
     0
 74
     3
280
     0
  0
ATTDEF
  5
678
330
672
100
AcDbEntity
  8
EPLAN501
 62
     7
100
AcDbText
 10
-9.176019801980197
 20
-14.50934
 30
0.0
 40
1.5822
  1
17_20011
  7
GOST Type BU
 72
     2
 11
-1.5
 21
-12.92714
 31
0.0
100
AcDbAttributeDefinition
280
     0
  3
Функциональный текст
  2
17_20011
 70
     0
 74
     3
280
     0
  0
ATTDEF
  5
679
330
672
100
AcDbEntity
  8
EPLAN502
 62
     7
100
AcDbText
 10
-9.802633663366336
 20
-17.26874
 30
0.0
 40
1.5822
  1
17_20025
  7
GOST Type BU
 72
     2
 11
-1.5
 21
-15.68654
 31
0.0
100
AcDbAttributeDefinition
280
     0
  3
Текст гравировки
  2
17_20025
 70
     0
 74
     3
280
     0
  0
ATTDEF
  5
67A
330
672
100
AcDbEntity
  8
EPLAN503
 62
     7
100
AcDbText
 10
-9.959287128712871
 20
-20.02814
 30
0.0
 40
1.5822
  1
17_20024
  7
GOST Type BU
 72
     2
 11
-1.5
 21
-18.44594
 31
0.0
100
AcDbAttributeDefinition
280
     0
  3
Место монтажа (описат.)
  2
17_20024
 70
     0
 74
     3
280
     0
  0
LWPOLYLINE
  5
67B
330
672
100
AcDbEntity
  8
EPLAN305
 48
4.0
370
    25
100
AcDbPolyline
 90
        4
 70
     1
 43
0.0
 10
0.0
 20
-12.0
 10
176.0
 20
-12.0
 10
176.0
 20
0.0
 10
0.0
 20
0.0
  0
ENDBLK
  5
67C
330
672
100
AcDbEntity
  8
0
100
AcDbBlockEnd
  0
BLOCK
  5
67E
330
67D
100
AcDbEntity
  8
0
100
AcDbBlockBegin
  2
EPLSYM_LibrarySPECIAL_Symbol17_Variant0_Placement1
 70
     2
 10
0.0
 20
0.0
 30
0.0
  3
EPLSYM_LibrarySPECIAL_Symbol17_Variant0_Placement1
  1

  0
ATTDEF
  5
67F
330
67D
100
AcDbEntity
  8
EPLAN421
 62
     5
100
AcDbText
 10
0.9999999999999998
 20
2.128759999999998
 30
0.0
 40
1.1427
  1
17_20039
  7
GOST Type BU
 11
1.0
 21
3.271459999999998
 31
0.0
100
AcDbAttributeDefinition
280
     0
  3
Описания выводов устройства (все)
  2
17_20039
 70
     0
 74
     3
280
     0
  0
ATTDEF
  5
680
330
67D
100
AcDbEntity
  8
EPLAN420
 62
     7
100
AcDbText
 10
-4.151316831683168
 20
-3.39864
 30
0.0
 40
1.5822
  1
17_20036
  7
GOST Type BU
 72
     1
 11
0.0
 21
-1.81644
 31
0.0
100
AcDbAttributeDefinition
280
     0
  3
Обозначение вывода устройства (с видимым ОУ)
  2
17_20036
 70
     0
 74
     3
280
     0
  0
LINE
  5
681
330
67D
100
AcDbEntity
  8
EPLAN302
 48
4.0
370
    25
100
AcDbLine
 10
0.0
 20
1.0
 30
0.0
 11
0.0
 21
4.0
 31
0.0
  0
CIRCLE
  5
682
330
67D
100
AcDbEntity
  8
EPLAN302
 48
4.0
370
    25
100
AcDbCircle
 10
0.0
 20
0.0
 30
0.0
 40
1.0
  0
ENDBLK
  5
683
330
67D
100
AcDbEntity
  8
0
100
AcDbBlockEnd
  0
BLOCK
  5
685
330
684
100
AcDbEntity
  8
0
100
AcDbBlockBegin
  2
EPLSYM_LibrarySPECIAL_Symbol0_Variant0_Placement1_1
 70
     2
 10
0.0
 20
0.0
 30
0.0
  3
EPLSYM_LibrarySPECIAL_Symbol0_Variant0_Placement1_1
  1

  0
ATTDEF
  5
686
330
684
100
AcDbEntity
  8
EPLAN400
 62
     5
100
AcDbText
 10
-12.59628712871286
 20
-3.136999999999998
 30
0.0
 40
2.197499999999998
  1
17_20010
  7
GOST Type BU
 72
     2
 11
-1.5
 21
-0.9394999999999999
 31
0.0
100
AcDbAttributeDefinition
280
     0
  3
ОУ (видимое)
  2
17_20010
 70
     0
 74
     3
280
     0
  0
ATTDEF
  5
687
330
684
100
AcDbEntity
  8
EPLAN440
 62
    73
100
AcDbText
 10
-9.802633663366336
 20
-6.23114
 30
0.0
 40
1.5822
  1
17_20300
  7
GOST Type BU
 72
     2
 11
-1.5
 21
-4.64894
 31
0.0
100
AcDbAttributeDefinition
280
     0
  3
Перекр. ссылка (основ. / вспомогат. функция)
  2
17_20300
 70
     0
 74
     3
280
     0
  0
ATTDEF
  5
688
330
684
100
AcDbEntity
  8
EPLAN500
 62
     7
100
AcDbText
 10
-9.802633663366336
 20
-8.990539999999999
 30
0.0
 40
1.5822
  1
17_20027
  7
GOST Type BU
 72
     2
 11
-1.5
 21
-7.408339999999999
 31
0.0
100
AcDbAttributeDefinition
280
     0
  3
Технические параметры
  2
17_20027
 70
     0
 74
     3
280
     0
  0
ATTDEF
  5
689
330
684
100
AcDbEntity
  8
EPLAN504
 62
     7
100
AcDbText
 10
-11.52582178217822
 20
-11.74994
 30
0.0
 40
1.5822
  1
17_20901[1]
  7
GOST Type BU
 72
     2
 11
-1.5
 21
-10.16774
 31
0.0
100
AcDbAttributeDefinition
280
     0
  3
Доп. поле[1]
  2
17_20901[1]
 70
     0
 74
     3
280
     0
  0
ATTDEF
  5
68A
330
684
100
AcDbEntity
  8
EPLAN501
 62
     7
100
AcDbText
 10
-9.176019801980197
 20
-14.50934
 30
0.0
 40
1.5822
  1
17_20011
  7
GOST Type BU
 72
     2
 11
-1.5
 21
-12.92714
 31
0.0
100
AcDbAttributeDefinition
280
     0
  3
Функциональный текст
  2
17_20011
 70
     0
 74
     3
280
     0
  0
ATTDEF
  5
68B
330
684
100
AcDbEntity
  8
EPLAN502
 62
     7
100
AcDbText
 10
-9.802633663366336
 20
-17.26874
 30
0.0
 40
1.5822
  1
17_20025
  7
GOST Type BU
 72
     2
 11
-1.5
 21
-15.68654
 31
0.0
100
AcDbAttributeDefinition
280
     0
  3
Текст гравировки
  2
17_20025
 70
     0
 74
     3
280
     0
  0
ATTDEF
  5
68C
330
684
100
AcDbEntity
  8
EPLAN503
 62
     7
100
AcDbText
 10
-9.959287128712871
 20
-20.02814
 30
0.0
 40
1.5822
  1
17_20024
  7
GOST Type BU
 72
     2
 11
-1.5
 21
-18.44594
 31
0.0
100
AcDbAttributeDefinition
280
     0
  3
Место монтажа (описат.)
  2
17_20024
 70
     0
 74
     3
280
     0
  0
LWPOLYLINE
  5
68D
330
684
100
AcDbEntity
  8
EPLAN305
 48
4.0
370
    25
100
AcDbPolyline
 90
        4
 70
     1
 43
0.0
 10
0.0
 20
-12.0
 10
120.0
 20
-12.0
 10
120.0
 20
0.0
 10
0.0
 20
0.0
  0
ENDBLK
  5
68E
330
684
100
AcDbEntity
  8
0
100
AcDbBlockEnd
  0
BLOCK
  5
690
330
68F
100
AcDbEntity
  8
0
100
AcDbBlockBegin
  2
EPLSYM_LibrarySPECIAL_Symbol0_Variant0_Placement1_2
 70
     2
 10
0.0
 20
0.0
 30
0.0
  3
EPLSYM_LibrarySPECIAL_Symbol0_Variant0_Placement1_2
  1

  0
ATTDEF
  5
691
330
68F
100
AcDbEntity
  8
EPLAN400
 62
     5
100
AcDbText
 10
-12.59628712871286
 20
-3.136999999999998
 30
0.0
 40
2.197499999999998
  1
17_20010
  7
GOST Type BU
 72
     2
 11
-1.5
 21
-0.9394999999999999
 31
0.0
100
AcDbAttributeDefinition
280
     0
  3
ОУ (видимое)
  2
17_20010
 70
     0
 74
     3
280
     0
  0
ATTDEF
  5
692
330
68F
100
AcDbEntity
  8
EPLAN440
 62
    73
100
AcDbText
 10
-9.802633663366336
 20
-6.23114
 30
0.0
 40
1.5822
  1
17_20300
  7
GOST Type BU
 72
     2
 11
-1.5
 21
-4.64894
 31
0.0
100
AcDbAttributeDefinition
280
     0
  3
Перекр. ссылка (основ. / вспомогат. функция)
  2
17_20300
 70
     0
 74
     3
280
     0
  0
ATTDEF
  5
693
330
68F
100
AcDbEntity
  8
EPLAN500
 62
     7
100
AcDbText
 10
-9.802633663366336
 20
-8.990539999999999
 30
0.0
 40
1.5822
  1
17_20027
  7
GOST Type BU
 72
     2
 11
-1.5
 21
-7.408339999999999
 31
0.0
100
AcDbAttributeDefinition
280
     0
  3
Технические параметры
  2
17_20027
 70
     0
 74
     3
280
     0
  0
ATTDEF
  5
694
330
68F
100
AcDbEntity
  8
EPLAN504
 62
     7
100
AcDbText
 10
-11.52582178217822
 20
-11.74994
 30
0.0
 40
1.5822
  1
17_20901[1]
  7
GOST Type BU
 72
     2
 11
-1.5
 21
-10.16774
 31
0.0
100
AcDbAttributeDefinition
280
     0
  3
Доп. поле[1]
  2
17_20901[1]
 70
     0
 74
     3
280
     0
  0
ATTDEF
  5
695
330
68F
100
AcDbEntity
  8
EPLAN501
 62
     7
100
AcDbText
 10
-9.176019801980197
 20
-14.50934
 30
0.0
 40
1.5822
  1
17_20011
  7
GOST Type BU
 72
     2
 11
-1.5
 21
-12.92714
 31
0.0
100
AcDbAttributeDefinition
280
     0
  3
Функциональный текст
  2
17_20011
 70
     0
 74
     3
280
     0
  0
ATTDEF
  5
696
330
68F
100
AcDbEntity
  8
EPLAN502
 62
     7
100
AcDbText
 10
-9.802633663366336
 20
-17.26874
 30
0.0
 40
1.5822
  1
17_20025
  7
GOST Type BU
 72
     2
 11
-1.5
 21
-15.68654
 31
0.0
100
AcDbAttributeDefinition
280
     0
  3
Текст гравировки
  2
17_20025
 70
     0
 74
     3
280
     0
  0
ATTDEF
  5
697
330
68F
100
AcDbEntity
  8
EPLAN503
 62
     7
100
AcDbText
 10
-9.959287128712871
 20
-20.02814
 30
0.0
 40
1.5822
  1
17_20024
  7
GOST Type BU
 72
     2
 11
-1.5
 21
-18.44594
 31
0.0
100
AcDbAttributeDefinition
280
     0
  3
Место монтажа (описат.)
  2
17_20024
 70
     0
 74
     3
280
     0
  0
LWPOLYLINE
  5
698
330
68F
100
AcDbEntity
  8
EPLAN305
 48
4.0
370
    25
100
AcDbPolyline
 90
        4
 70
     1
 43
0.0
 10
0.0
 20
-12.0
 10
120.0
 20
-12.0
 10
120.0
 20
0.0
 10
0.0
 20
0.0
  0
ENDBLK
  5
699
330
68F
100
AcDbEntity
  8
0
100
AcDbBlockEnd
  0
BLOCK
  5
69B
330
69A
100
AcDbEntity
  8
0
100
AcDbBlockBegin
  2
EPLSYM_LibrarySPECIAL_Symbol0_Variant0_Placement1_3
 70
     2
 10
0.0
 20
0.0
 30
0.0
  3
EPLSYM_LibrarySPECIAL_Symbol0_Variant0_Placement1_3
  1

  0
ATTDEF
  5
69C
330
69A
100
AcDbEntity
  8
EPLAN400
 62
     5
100
AcDbText
 10
-12.59628712871286
 20
-3.136999999999998
 30
0.0
 40
2.197499999999998
  1
17_20010
  7
GOST Type BU
 72
     2
 11
-1.5
 21
-0.9394999999999999
 31
0.0
100
AcDbAttributeDefinition
280
     0
  3
ОУ (видимое)
  2
17_20010
 70
     0
 74
     3
280
     0
  0
ATTDEF
  5
69D
330
69A
100
AcDbEntity
  8
EPLAN440
 62
    73
100
AcDbText
 10
-9.802633663366336
 20
-6.23114
 30
0.0
 40
1.5822
  1
17_20300
  7
GOST Type BU
 72
     2
 11
-1.5
 21
-4.64894
 31
0.0
100
AcDbAttributeDefinition
280
     0
  3
Перекр. ссылка (основ. / вспомогат. функция)
  2
17_20300
 70
     0
 74
     3
280
     0
  0
ATTDEF
  5
69E
330
69A
100
AcDbEntity
  8
EPLAN500
 62
     7
100
AcDbText
 10
-9.802633663366336
 20
-8.990539999999999
 30
0.0
 40
1.5822
  1
17_20027
  7
GOST Type BU
 72
     2
 11
-1.5
 21
-7.408339999999999
 31
0.0
100
AcDbAttributeDefinition
280
     0
  3
Технические параметры
  2
17_20027
 70
     0
 74
     3
280
     0
  0
ATTDEF
  5
69F
330
69A
100
AcDbEntity
  8
EPLAN504
 62
     7
100
AcDbText
 10
-11.52582178217822
 20
-11.74994
 30
0.0
 40
1.5822
  1
17_20901[1]
  7
GOST Type BU
 72
     2
 11
-1.5
 21
-10.16774
 31
0.0
100
AcDbAttributeDefinition
280
     0
  3
Доп. поле[1]
  2
17_20901[1]
 70
     0
 74
     3
280
     0
  0
ATTDEF
  5
6A0
330
69A
100
AcDbEntity
  8
EPLAN501
 62
     7
100
AcDbText
 10
-9.176019801980197
 20
-14.50934
 30
0.0
 40
1.5822
  1
17_20011
  7
GOST Type BU
 72
     2
 11
-1.5
 21
-12.92714
 31
0.0
100
AcDbAttributeDefinition
280
     0
  3
Функциональный текст
  2
17_20011
 70
     0
 74
     3
280
     0
  0
ATTDEF
  5
6A1
330
69A
100
AcDbEntity
  8
EPLAN502
 62
     7
100
AcDbText
 10
-9.802633663366336
 20
-17.26874
 30
0.0
 40
1.5822
  1
17_20025
  7
GOST Type BU
 72
     2
 11
-1.5
 21
-15.68654
 31
0.0
100
AcDbAttributeDefinition
280
     0
  3
Текст гравировки
  2
17_20025
 70
     0
 74
     3
280
     0
  0
ATTDEF
  5
6A2
330
69A
100
AcDbEntity
  8
EPLAN503
 62
     7
100
AcDbText
 10
-9.959287128712871
 20
-20.02814
 30
0.0
 40
1.5822
  1
17_20024
  7
GOST Type BU
 72
     2
 11
-1.5
 21
-18.44594
 31
0.0
100
AcDbAttributeDefinition
280
     0
  3
Место монтажа (описат.)
  2
17_20024
 70
     0
 74
     3
280
     0
  0
LWPOLYLINE
  5
6A3
330
69A
100
AcDbEntity
  8
EPLAN305
 48
4.0
370
    25
100
AcDbPolyline
 90
        4
 70
     1
 43
0.0
 10
0.0
 20
-12.0
 10
120.0
 20
-12.0
 10
120.0
 20
0.0
 10
0.0
 20
0.0
  0
ENDBLK
  5
6A4
330
69A
100
AcDbEntity
  8
0
100
AcDbBlockEnd
  0
BLOCK
  5
6A6
330
6A5
100
AcDbEntity
  8
0
100
AcDbBlockBegin
  2
EPLSYM_LibrarySPECIAL_Symbol0_Variant0_Placement1_4
 70
     2
 10
0.0
 20
0.0
 30
0.0
  3
EPLSYM_LibrarySPECIAL_Symbol0_Variant0_Placement1_4
  1

  0
ATTDEF
  5
6A7
330
6A5
100
AcDbEntity
  8
EPLAN400
 62
     5
100
AcDbText
 10
-12.59628712871286
 20
-3.136999999999998
 30
0.0
 40
2.197499999999998
  1
17_20010
  7
GOST Type BU
 72
     2
 11
-1.5
 21
-0.9394999999999999
 31
0.0
100
AcDbAttributeDefinition
280
     0
  3
ОУ (видимое)
  2
17_20010
 70
     0
 74
     3
280
     0
  0
ATTDEF
  5
6A8
330
6A5
100
AcDbEntity
  8
EPLAN440
 62
    73
100
AcDbText
 10
-9.802633663366336
 20
-6.23114
 30
0.0
 40
1.5822
  1
17_20300
  7
GOST Type BU
 72
     2
 11
-1.5
 21
-4.64894
 31
0.0
100
AcDbAttributeDefinition
280
     0
  3
Перекр. ссылка (основ. / вспомогат. функция)
  2
17_20300
 70
     0
 74
     3
280
     0
  0
ATTDEF
  5
6A9
330
6A5
100
AcDbEntity
  8
EPLAN500
 62
     7
100
AcDbText
 10
-9.802633663366336
 20
-8.990539999999999
 30
0.0
 40
1.5822
  1
17_20027
  7
GOST Type BU
 72
     2
 11
-1.5
 21
-7.408339999999999
 31
0.0
100
AcDbAttributeDefinition
280
     0
  3
Технические параметры
  2
17_20027
 70
     0
 74
     3
280
     0
  0
ATTDEF
  5
6AA
330
6A5
100
AcDbEntity
  8
EPLAN504
 62
     7
100
AcDbText
 10
-11.52582178217822
 20
-11.74994
 30
0.0
 40
1.5822
  1
17_20901[1]
  7
GOST Type BU
 72
     2
 11
-1.5
 21
-10.16774
 31
0.0
100
AcDbAttributeDefinition
280
     0
  3
Доп. поле[1]
  2
17_20901[1]
 70
     0
 74
     3
280
     0
  0
ATTDEF
  5
6AB
330
6A5
100
AcDbEntity
  8
EPLAN501
 62
     7
100
AcDbText
 10
-9.176019801980197
 20
-14.50934
 30
0.0
 40
1.5822
  1
17_20011
  7
GOST Type BU
 72
     2
 11
-1.5
 21
-12.92714
 31
0.0
100
AcDbAttributeDefinition
280
     0
  3
Функциональный текст
  2
17_20011
 70
     0
 74
     3
280
     0
  0
ATTDEF
  5
6AC
330
6A5
100
AcDbEntity
  8
EPLAN502
 62
     7
100
AcDbText
 10
-9.802633663366336
 20
-17.26874
 30
0.0
 40
1.5822
  1
17_20025
  7
GOST Type BU
 72
     2
 11
-1.5
 21
-15.68654
 31
0.0
100
AcDbAttributeDefinition
280
     0
  3
Текст гравировки
  2
17_20025
 70
     0
 74
     3
280
     0
  0
ATTDEF
  5
6AD
330
6A5
100
AcDbEntity
  8
EPLAN503
 62
     7
100
AcDbText
 10
-9.959287128712871
 20
-20.02814
 30
0.0
 40
1.5822
  1
17_20024
  7
GOST Type BU
 72
     2
 11
-1.5
 21
-18.44594
 31
0.0
100
AcDbAttributeDefinition
280
     0
  3
Место монтажа (описат.)
  2
17_20024
 70
     0
 74
     3
280
     0
  0
LWPOLYLINE
  5
6AE
330
6A5
100
AcDbEntity
  8
EPLAN305
 48
4.0
370
    25
100
AcDbPolyline
 90
        4
 70
     1
 43
0.0
 10
0.0
 20
-12.0
 10
120.0
 20
-12.0
 10
120.0
 20
0.0
 10
0.0
 20
0.0
  0
ENDBLK
  5
6AF
330
6A5
100
AcDbEntity
  8
0
100
AcDbBlockEnd
  0
BLOCK
  5
6B1
330
6B0
100
AcDbEntity
  8
0
100
AcDbBlockBegin
  2
EPLSYM_LibrarySPECIAL_Symbol308_Variant0_Placement0
 70
     2
 10
0.0
 20
0.0
 30
0.0
  3
EPLSYM_LibrarySPECIAL_Symbol308_Variant0_Placement0
  1

  0
ATTDEF
  5
6B2
330
6B0
100
AcDbEntity
  8
EPLAN405
 62
     7
100
AcDbText
 10
1.5
 20
6.478699999999999
 30
0.0
 40
1.5822
  1
17_31011
  7
GOST Type BU_I
100
AcDbAttributeDefinition
280
     0
  3
Обозначение соединения
  2
17_31011
 70
     0
280
     0
  0
ATTDEF
  5
6B3
330
6B0
100
AcDbEntity
  8
EPLAN405
 62
     7
100
AcDbText
 10
1.5
 20
4.485799999999998
 30
0.0
 40
1.5822
  1
17_31004
  7
GOST Type BU_I
100
AcDbAttributeDefinition
280
     0
  3
Цвет / номер соединения
  2
17_31004
 70
     0
280
     0
  0
ATTDEF
  5
6B4
330
6B0
100
AcDbEntity
  8
EPLAN405
 62
     7
100
AcDbText
 10
1.5
 20
1.063952475247524
 30
0.0
 40
1.5822
  1
17_31002
  7
GOST Type BU_I
 11
1.5
 21
0.5
 31
0.0
100
AcDbAttributeDefinition
280
     0
  3
Поперечное сечение / диаметр соединения
  2
17_31002
 70
     0
 74
     1
280
     0
  0
ATTDEF
  5
6B5
330
6B0
100
AcDbEntity
  8
EPLAN405
 62
     7
100
AcDbText
 10
1.5
 20
2.4929
 30
0.0
 40
1.5822
  1
17_31003
  7
GOST Type BU
100
AcDbAttributeDefinition
280
     0
  3
Соединение: Длина с единицей измерения
  2
17_31003
 70
     0
280
     0
  0
LINE
  5
6B6
330
6B0
100
AcDbEntity
  8
EPLAN312
 48
4.0
370
    25
100
AcDbLine
 10
-1.0
 20
1.0
 30
0.0
 11
1.0
 21
-1.0
 31
0.0
  0
ENDBLK
  5
6B7
330
6B0
100
AcDbEntity
  8
0
100
AcDbBlockEnd
  0
BLOCK
  5
6B9
330
6B8
100
AcDbEntity
  8
0
100
AcDbBlockBegin
  2
EPLSYM_LibraryIEC_symbol_Symbol1413_Variant0_Placement1
 70
     2
 10
0.0
 20
0.0
 30
0.0
  3
EPLSYM_LibraryIEC_symbol_Symbol1413_Variant0_Placement1
  1

  0
ATTDEF
  5
6BA
330
6B8
100
AcDbEntity
  8
EPLAN408
 62
     5
100
AcDbText
 10
-14.79628712871286
 20
-2.836999999999998
 30
0.0
 40
2.197499999999998
  1
17_20010
  7
GOST Type BU
 72
     2
 11
-3.7
 21
-0.6395
 31
0.0
100
AcDbAttributeDefinition
280
     0
  3
ОУ (видимое)
  2
17_20010
 70
     0
 74
     3
280
     0
  0
ATTDEF
  5
6BB
330
6B8
100
AcDbEntity
  8
EPLAN500
 62
     7
100
AcDbText
 10
-12.00263366336633
 20
-5.931139999999999
 30
0.0
 40
1.5822
  1
17_20027
  7
GOST Type BU
 72
     2
 11
-3.7
 21
-4.348939999999998
 31
0.0
100
AcDbAttributeDefinition
280
     0
  3
Технические параметры
  2
17_20027
 70
     0
 74
     3
280
     0
  0
ATTDEF
  5
6BC
330
6B8
100
AcDbEntity
  8
EPLAN504
 62
     7
100
AcDbText
 10
-13.72582178217822
 20
-8.690539999999998
 30
0.0
 40
1.5822
  1
17_20901[1]
  7
GOST Type BU
 72
     2
 11
-3.7
 21
-7.108339999999999
 31
0.0
100
AcDbAttributeDefinition
280
     0
  3
Доп. поле[1]
  2
17_20901[1]
 70
     0
 74
     3
280
     0
  0
ATTDEF
  5
6BD
330
6B8
100
AcDbEntity
  8
EPLAN501
 62
     7
100
AcDbText
 10
-11.3760198019802
 20
-11.44994
 30
0.0
 40
1.5822
  1
17_20011
  7
GOST Type BU
 72
     2
 11
-3.7
 21
-9.867739999999999
 31
0.0
100
AcDbAttributeDefinition
280
     0
  3
Функциональный текст
  2
17_20011
 70
     0
 74
     3
280
     0
  0
ATTDEF
  5
6BE
330
6B8
100
AcDbEntity
  8
EPLAN502
 62
     7
100
AcDbText
 10
-12.00263366336633
 20
-14.20934
 30
0.0
 40
1.5822
  1
17_20025
  7
GOST Type BU
 72
     2
 11
-3.7
 21
-12.62714
 31
0.0
100
AcDbAttributeDefinition
280
     0
  3
Текст гравировки
  2
17_20025
 70
     0
 74
     3
280
     0
  0
ATTDEF
  5
6BF
330
6B8
100
AcDbEntity
  8
EPLAN503
 62
     7
100
AcDbText
 10
-12.15928712871287
 20
-16.96874
 30
0.0
 40
1.5822
  1
17_20024
  7
GOST Type BU
 72
     2
 11
-3.7
 21
-15.38654
 31
0.0
100
AcDbAttributeDefinition
280
     0
  3
Место монтажа (описат.)
  2
17_20024
 70
     0
 74
     3
280
     0
  0
ATTDEF
  5
6C0
330
6B8
100
AcDbEntity
  8
EPLAN512
 62
     3
100
AcDbText
 10
-13.72582178217822
 20
-19.72814
 30
0.0
 40
1.5822
  1
17_20201[1]
  7
GOST Type BU
 72
     2
 11
-3.7
 21
-18.14594
 31
0.0
100
AcDbAttributeDefinition
280
     0
  3
Свойство блока[1]
  2
17_20201[1]
 70
     0
 74
     3
280
     0
  0
ATTDEF
  5
6C1
330
6B8
100
AcDbEntity
  8
EPLAN422
 62
     7
100
AcDbText
 10
1.399999999999999
 20
-2.298639999999999
 30
0.0
 40
1.5822
  1
17_20030
  7
GOST Type BU
 11
1.399999999999999
 21
-0.71644
 31
0.0
100
AcDbAttributeDefinition
280
     0
  3
Обозначение клеммы / контакта штекера
  2
17_20030
 70
     0
 74
     3
280
     0
  0
ATTDEF
  5
6C2
330
6B8
100
AcDbEntity
  8
EPLAN434
 62
     7
100
AcDbText
 10
44.2
 20
-2.298639999999999
 30
0.0
 40
1.5822
  1
17_20225
  7
GOST Type BU
 11
44.2
 21
-0.71644
 31
0.0
100
AcDbAttributeDefinition
280
     0
  3
Описание клемм / контактов штекера
  2
17_20225
 70
     0
 74
     3
280
     0
  0
CIRCLE
  5
6C3
330
6B8
100
AcDbEntity
  8
EPLAN300
  6
Continuous
 48
4.0
370
    25
100
AcDbCircle
 10
0.0
 20
0.0
 30
0.0
 40
0.75
  0
LINE
  5
6C4
330
6B8
100
AcDbEntity
  8
EPLAN300
  6
Continuous
 48
4.0
370
    25
100
AcDbLine
 10
0.0
 20
2.0
 30
0.0
 11
0.0
 21
0.75
 31
0.0
  0
LINE
  5
6C5
330
6B8
100
AcDbEntity
  8
EPLAN300
 48
4.0
370
    25
100
AcDbLine
 10
0.0
 20
-0.75
 30
0.0
 11
0.0
 21
-2.0
 31
0.0
  0
ENDBLK
  5
6C6
330
6B8
100
AcDbEntity
  8
0
100
AcDbBlockEnd
  0
BLOCK
  5
6C8
330
6C7
100
AcDbEntity
  8
0
100
AcDbBlockBegin
  2
EPLSYM_LibrarySPECIAL_Symbol80_Variant0_Placement7
 70
     0
 10
0.0
 20
0.0
 30
0.0
  3
EPLSYM_LibrarySPECIAL_Symbol80_Variant0_Placement7
  1

  0
LINE
  5
6C9
330
6C7
100
AcDbEntity
  8
EPLAN321
 48
4.0
370
    25
100
AcDbLine
 10
1.199999999999989
 20
0.0
 30
0.0
 11
1.17500000000001
 21
-1.5
 31
0.0
  0
LINE
  5
6CA
330
6C7
100
AcDbEntity
  8
EPLAN321
 48
4.0
370
    25
100
AcDbLine
 10
1.75
 20
0.0
 30
0.0
 11
1.75
 21
-1.5
 31
0.0
  0
LINE
  5
6CB
330
6C7
100
AcDbEntity
  8
EPLAN321
 48
4.0
370
    25
100
AcDbLine
 10
2.30000000000001
 20
0.0
 30
0.0
 11
2.30000000000001
 21
-1.5
 31
0.0
  0
LINE
  5
6CC
330
6C7
100
AcDbEntity
  8
EPLAN321
 48
4.0
370
    25
100
AcDbLine
 10
3.024999999999976
 20
-2.17500000000001
 30
0.0
 11
0.8000000000000111
 21
-2.17500000000001
 31
0.0
  0
LINE
  5
6CD
330
6C7
100
AcDbEntity
  8
EPLAN321
 48
4.0
370
    25
100
AcDbLine
 10
0.625
 20
0.0
 30
0.0
 11
0.625
 21
-1.399999999999977
 31
0.0
  0
CIRCLE
  5
6CE
330
6C7
100
AcDbEntity
  8
EPLAN321
 48
4.0
370
    25
100
AcDbCircle
 10
2.699999999999989
 20
-3.149999999999976
 30
0.0
 40
0.5
  0
CIRCLE
  5
6CF
330
6C7
100
AcDbEntity
  8
EPLAN321
 48
4.0
370
    25
100
AcDbCircle
 10
0.9499999999999886
 20
-3.149999999999976
 30
0.0
 40
0.5
  0
LWPOLYLINE
  5
6D0
330
6C7
100
AcDbEntity
  8
EPLAN321
  6
Continuous
 48
4.0
370
    25
100
AcDbPolyline
 90
        4
 70
     1
 43
0.0
 10
-0.1999999999999886
 20
0.0
 10
0.6499999999999773
 20
-1.5
 10
3.149999999999976
 20
-1.5
 10
3.149999999999976
 20
0.0
  0
LWPOLYLINE
  5
6D1
330
6C7
100
AcDbEntity
  8
EPLAN321
  6
Continuous
 48
4.0
370
    25
100
AcDbPolyline
 90
        3
 70
     0
 43
0.0
 10
3.149999999999976
 20
0.0
 10
3.800000000000011
 20
1.0
 10
4.925000000000012
 20
1.0
  0
ENDBLK
  5
6D2
330
6C7
100
AcDbEntity
  8
0
100
AcDbBlockEnd
  0
BLOCK
  5
6D4
330
6D3
100
AcDbEntity
  8
0
100
AcDbBlockBegin
  2
EPLSYM_LibraryIEC_symbol_Symbol1528_Variant0_Placement1
 70
     2
 10
0.0
 20
0.0
 30
0.0
  3
EPLSYM_LibraryIEC_symbol_Symbol1528_Variant0_Placement1
  1

  0
ATTDEF
  5
6D5
330
6D3
100
AcDbEntity
  8
EPLAN420
 62
     7
100
AcDbText
 10
0.6000000000000001
 20
3.963952475247523
 30
0.0
 40
1.5822
  1
17_20028[1]
  7
GOST Type BU
 11
0.6000000000000001
 21
3.399999999999999
 31
0.0
100
AcDbAttributeDefinition
280
     0
  3
Обозначение вывода устройства[1]
  2
17_20028[1]
 70
     0
 74
     1
280
     0
  0
ATTDEF
  5
6D6
330
6D3
100
AcDbEntity
  8
EPLAN421
 62
     5
100
AcDbText
 10
0.6000000000000001
 20
6.566699009900989
 30
0.0
 40
1.1427
  1
17_20029[1]
  7
GOST Type BU
 11
0.6000000000000001
 21
6.159399999999998
 31
0.0
100
AcDbAttributeDefinition
280
     0
  3
Описание вывода устройства[1]
  2
17_20029[1]
 70
     0
 74
     1
280
     0
  0
ATTDEF
  5
6D7
330
6D3
100
AcDbEntity
  8
EPLAN420
 62
     7
100
AcDbText
 10
0.6
 20
-5.298639999999998
 30
0.0
 40
1.5822
  1
17_20028[2]
  7
GOST Type BU
 11
0.6000000000000001
 21
-3.716439999999998
 31
0.0
100
AcDbAttributeDefinition
280
     0
  3
Обозначение вывода устройства[2]
  2
17_20028[2]
 70
     0
 74
     3
280
     0
  0
ATTDEF
  5
6D8
330
6D3
100
AcDbEntity
  8
EPLAN421
 62
     5
100
AcDbText
 10
0.6
 20
-7.53064
 30
0.0
 40
1.1427
  1
17_20029[2]
  7
GOST Type BU
 11
0.6000000000000001
 21
-6.38794
 31
0.0
100
AcDbAttributeDefinition
280
     0
  3
Описание вывода устройства[2]
  2
17_20029[2]
 70
     0
 74
     3
280
     0
  0
ATTDEF
  5
6D9
330
6D3
100
AcDbEntity
  8
EPLAN420
 62
     7
100
AcDbText
 10
8.599999999999999
 20
3.963952475247523
 30
0.0
 40
1.5822
  1
17_20028[3]
  7
GOST Type BU
 11
8.599999999999999
 21
3.399999999999999
 31
0.0
100
AcDbAttributeDefinition
280
     0
  3
Обозначение вывода устройства[3]
  2
17_20028[3]
 70
     0
 74
     1
280
     0
  0
ATTDEF
  5
6DA
330
6D3
100
AcDbEntity
  8
EPLAN421
 62
     5
100
AcDbText
 10
8.599999999999999
 20
6.566699009900989
 30
0.0
 40
1.1427
  1
17_20029[3]
  7
GOST Type BU
 11
8.599999999999999
 21
6.159399999999998
 31
0.0
100
AcDbAttributeDefinition
280
     0
  3
Описание вывода устройства[3]
  2
17_20029[3]
 70
     0
 74
     1
280
     0
  0
ATTDEF
  5
6DB
330
6D3
100
AcDbEntity
  8
EPLAN420
 62
     7
100
AcDbText
 10
8.599999999999999
 20
-5.298639999999998
 30
0.0
 40
1.5822
  1
17_20028[4]
  7
GOST Type BU
 11
8.599999999999999
 21
-3.716439999999998
 31
0.0
100
AcDbAttributeDefinition
280
     0
  3
Обозначение вывода устройства[4]
  2
17_20028[4]
 70
     0
 74
     3
280
     0
  0
ATTDEF
  5
6DC
330
6D3
100
AcDbEntity
  8
EPLAN421
 62
     5
100
AcDbText
 10
8.599999999999999
 20
-7.53064
 30
0.0
 40
1.1427
  1
17_20029[4]
  7
GOST Type BU
 11
8.599999999999999
 21
-6.38794
 31
0.0
100
AcDbAttributeDefinition
280
     0
  3
Описание вывода устройства[4]
  2
17_20029[4]
 70
     0
 74
     3
280
     0
  0
ATTDEF
  5
6DD
330
6D3
100
AcDbEntity
  8
EPLAN420
 62
     7
100
AcDbText
 10
16.6
 20
3.963952475247523
 30
0.0
 40
1.5822
  1
17_20028[5]
  7
GOST Type BU
 11
16.6
 21
3.399999999999999
 31
0.0
100
AcDbAttributeDefinition
280
     0
  3
Обозначение вывода устройства[5]
  2
17_20028[5]
 70
     0
 74
     1
280
     0
  0
ATTDEF
  5
6DE
330
6D3
100
AcDbEntity
  8
EPLAN421
 62
     5
100
AcDbText
 10
16.6
 20
6.566699009900989
 30
0.0
 40
1.1427
  1
17_20029[5]
  7
GOST Type BU
 11
16.6
 21
6.159399999999998
 31
0.0
100
AcDbAttributeDefinition
280
     0
  3
Описание вывода устройства[5]
  2
17_20029[5]
 70
     0
 74
     1
280
     0
  0
ATTDEF
  5
6DF
330
6D3
100
AcDbEntity
  8
EPLAN420
 62
     7
100
AcDbText
 10
16.6
 20
-5.298639999999998
 30
0.0
 40
1.5822
  1
17_20028[6]
  7
GOST Type BU
 11
16.6
 21
-3.716439999999998
 31
0.0
100
AcDbAttributeDefinition
280
     0
  3
Обозначение вывода устройства[6]
  2
17_20028[6]
 70
     0
 74
     3
280
     0
  0
ATTDEF
  5
6E0
330
6D3
100
AcDbEntity
  8
EPLAN421
 62
     5
100
AcDbText
 10
16.6
 20
-7.53064
 30
0.0
 40
1.1427
  1
17_20029[6]
  7
GOST Type BU
 11
16.6
 21
-6.38794
 31
0.0
100
AcDbAttributeDefinition
280
     0
  3
Описание вывода устройства[6]
  2
17_20029[6]
 70
     0
 74
     3
280
     0
  0
ATTDEF
  5
6E1
330
6D3
100
AcDbEntity
  8
EPLAN420
 62
     7
100
AcDbText
 10
24.6
 20
3.963952475247523
 30
0.0
 40
1.5822
  1
17_20028[7]
  7
GOST Type BU
 11
24.6
 21
3.399999999999999
 31
0.0
100
AcDbAttributeDefinition
280
     0
  3
Обозначение вывода устройства[7]
  2
17_20028[7]
 70
     0
 74
     1
280
     0
  0
ATTDEF
  5
6E2
330
6D3
100
AcDbEntity
  8
EPLAN421
 62
     5
100
AcDbText
 10
24.6
 20
6.566699009900989
 30
0.0
 40
1.1427
  1
17_20029[7]
  7
GOST Type BU
 11
24.6
 21
6.159399999999998
 31
0.0
100
AcDbAttributeDefinition
280
     0
  3
Описание вывода устройства[7]
  2
17_20029[7]
 70
     0
 74
     1
280
     0
  0
ATTDEF
  5
6E3
330
6D3
100
AcDbEntity
  8
EPLAN420
 62
     7
100
AcDbText
 10
24.6
 20
-5.298639999999998
 30
0.0
 40
1.5822
  1
17_20028[8]
  7
GOST Type BU
 11
24.6
 21
-3.716439999999998
 31
0.0
100
AcDbAttributeDefinition
280
     0
  3
Обозначение вывода устройства[8]
  2
17_20028[8]
 70
     0
 74
     3
280
     0
  0
ATTDEF
  5
6E4
330
6D3
100
AcDbEntity
  8
EPLAN421
 62
     5
100
AcDbText
 10
24.6
 20
-7.53064
 30
0.0
 40
1.1427
  1
17_20029[8]
  7
GOST Type BU
 11
24.6
 21
-6.38794
 31
0.0
100
AcDbAttributeDefinition
280
     0
  3
Описание вывода устройства[8]
  2
17_20029[8]
 70
     0
 74
     3
280
     0
  0
ATTDEF
  5
6E5
330
6D3
100
AcDbEntity
  8
EPLAN400
 62
     5
100
AcDbText
 10
-23.09628712871287
 20
-1.318499999999999
 30
0.0
 40
2.197499999999998
  1
17_20010
  7
GOST Type BU
 72
     2
 11
-12.0
 21
-0.21975
 31
0.0
100
AcDbAttributeDefinition
280
     0
  3
ОУ (видимое)
  2
17_20010
 70
     0
 74
     2
280
     0
  0
ATTDEF
  5
6E6
330
6D3
100
AcDbEntity
  8
EPLAN440
 62
    73
100
AcDbText
 10
-20.30263366336634
 20
-4.245269999999998
 30
0.0
 40
1.5822
  1
17_20300
  7
GOST Type BU
 72
     2
 11
-12.0
 21
-3.454169999999998
 31
0.0
100
AcDbAttributeDefinition
280
     0
  3
Перекр. ссылка (основ. / вспомогат. функция)
  2
17_20300
 70
     0
 74
     2
280
     0
  0
ATTDEF
  5
6E7
330
6D3
100
AcDbEntity
  8
EPLAN500
 62
     7
100
AcDbText
 10
-20.30263366336634
 20
-7.004670000000001
 30
0.0
 40
1.5822
  1
17_20027
  7
GOST Type BU
 72
     2
 11
-12.0
 21
-6.213570000000001
 31
0.0
100
AcDbAttributeDefinition
280
     0
  3
Технические параметры
  2
17_20027
 70
     0
 74
     2
280
     0
  0
ATTDEF
  5
6E8
330
6D3
100
AcDbEntity
  8
EPLAN504
 62
     7
100
AcDbText
 10
-22.02582178217822
 20
-9.76407
 30
0.0
 40
1.5822
  1
17_20901[1]
  7
GOST Type BU
 72
     2
 11
-12.0
 21
-8.97297
 31
0.0
100
AcDbAttributeDefinition
280
     0
  3
Доп. поле[1]
  2
17_20901[1]
 70
     0
 74
     2
280
     0
  0
ATTDEF
  5
6E9
330
6D3
100
AcDbEntity
  8
EPLAN501
 62
     7
100
AcDbText
 10
-19.67601980198019
 20
-12.52347
 30
0.0
 40
1.5822
  1
17_20011
  7
GOST Type BU
 72
     2
 11
-12.0
 21
-11.73237
 31
0.0
100
AcDbAttributeDefinition
280
     0
  3
Функциональный текст
  2
17_20011
 70
     0
 74
     2
280
     0
  0
ATTDEF
  5
6EA
330
6D3
100
AcDbEntity
  8
EPLAN502
 62
     7
100
AcDbText
 10
-20.30263366336634
 20
-15.28287
 30
0.0
 40
1.5822
  1
17_20025
  7
GOST Type BU
 72
     2
 11
-12.0
 21
-14.49177
 31
0.0
100
AcDbAttributeDefinition
280
     0
  3
Текст гравировки
  2
17_20025
 70
     0
 74
     2
280
     0
  0
ATTDEF
  5
6EB
330
6D3
100
AcDbEntity
  8
EPLAN503
 62
     7
100
AcDbText
 10
-20.45928712871287
 20
-18.04227
 30
0.0
 40
1.5822
  1
17_20024
  7
GOST Type BU
 72
     2
 11
-12.0
 21
-17.25117
 31
0.0
100
AcDbAttributeDefinition
280
     0
  3
Место монтажа (описат.)
  2
17_20024
 70
     0
 74
     2
280
     0
  0
ATTDEF
  5
6EC
330
6D3
100
AcDbEntity
  8
EPLAN512
 62
     3
100
AcDbText
 10
-22.02582178217822
 20
-20.80167
 30
0.0
 40
1.5822
  1
17_20201[1]
  7
GOST Type BU
 72
     2
 11
-12.0
 21
-20.01057
 31
0.0
100
AcDbAttributeDefinition
280
     0
  3
Свойство блока[1]
  2
17_20201[1]
 70
     0
 74
     2
280
     0
  0
LINE
  5
6ED
330
6D3
100
AcDbEntity
  8
EPLAN300
  6
Continuous
 48
4.0
370
    25
100
AcDbLine
 10
14.0
 20
0.0
 30
0.0
 11
16.0
 21
0.0
 31
0.0
  0
LINE
  5
6EE
330
6D3
100
AcDbEntity
  8
EPLAN300
  6
Continuous
 48
4.0
370
    25
100
AcDbLine
 10
8.003411666478584
 20
-1.997899554317598
 30
0.0
 11
5.503411666478577
 21
2.502100445682373
 31
0.0
  0
LINE
  5
6EF
330
6D3
100
AcDbEntity
  8
EPLAN300
  6
Continuous
370
    25
100
AcDbLine
 10
16.0034116664786
 20
-1.997899554317598
 30
0.0
 11
16.0034116664786
 21
-3.997899554317598
 31
0.0
  0
LINE
  5
6F0
330
6D3
100
AcDbEntity
  8
EPLAN300
  6
Continuous
370
    25
100
AcDbLine
 10
8.0
 20
0.0
 30
0.0
 11
6.0
 21
0.0
 31
0.0
  0
LINE
  5
6F1
330
6D3
100
AcDbEntity
  8
EPLAN300
  6
Continuous
 48
4.0
370
    25
100
AcDbLine
 10
16.0034116664786
 20
-1.997899554317598
 30
0.0
 11
13.5034116664786
 21
2.502100445682373
 31
0.0
  0
LINE
  5
6F2
330
6D3
100
AcDbEntity
  8
EPLAN300
  6
Continuous
370
    25
100
AcDbLine
 10
8.0
 20
4.0
 30
0.0
 11
8.0
 21
2.5
 31
0.0
  0
LINE
  5
6F3
330
6D3
100
AcDbEntity
  8
EPLAN300
  6
Continuous
 48
4.0
370
    25
100
AcDbLine
 10
-3.5
 20
0.0
 30
0.0
 11
-2.75
 21
0.0
 31
0.0
  0
LINE
  5
6F4
330
6D3
100
AcDbEntity
  8
EPLAN300
  6
Continuous
370
    25
100
AcDbLine
 10
16.0
 20
4.0
 30
0.0
 11
16.0
 21
2.5
 31
0.0
  0
LINE
  5
6F5
330
6D3
100
AcDbEntity
  8
EPLAN300
  6
Continuous
370
    25
100
AcDbLine
 10
12.0
 20
0.0
 30
0.0
 11
10.0
 21
0.0
 31
0.0
  0
LINE
  5
6F6
330
6D3
100
AcDbEntity
  8
EPLAN300
  6
Continuous
370
    25
100
AcDbLine
 10
8.003411666478584
 20
-1.997899554317598
 30
0.0
 11
8.003411666478584
 21
-3.997899554317598
 31
0.0
  0
LINE
  5
6F7
330
6D3
100
AcDbEntity
  8
EPLAN300
  6
Continuous
 48
4.0
370
    25
100
AcDbLine
 10
0.0034116664786126
 20
-1.997899554317598
 30
0.0
 11
-2.496588333521423
 21
2.502100445682373
 31
0.0
  0
LINE
  5
6F8
330
6D3
100
AcDbEntity
  8
EPLAN300
  6
Continuous
370
    25
100
AcDbLine
 10
4.0
 20
0.0
 30
0.0
 11
2.0
 21
0.0
 31
0.0
  0
LINE
  5
6F9
330
6D3
100
AcDbEntity
  8
EPLAN300
  6
Continuous
370
    25
100
AcDbLine
 10
0.0034116664786126
 20
-1.997899554317598
 30
0.0
 11
0.0034116664786126
 21
-3.997899554317598
 31
0.0
  0
LINE
  5
6FA
330
6D3
100
AcDbEntity
  8
EPLAN300
  6
Continuous
 48
4.0
370
    25
100
AcDbLine
 10
0.0
 20
0.0
 30
0.0
 11
-1.75
 21
0.0
 31
0.0
  0
LINE
  5
6FB
330
6D3
100
AcDbEntity
  8
EPLAN300
  6
Continuous
370
    25
100
AcDbLine
 10
0.0
 20
4.0
 30
0.0
 11
0.0
 21
2.5
 31
0.0
  0
CIRCLE
  5
6FC
330
6D3
100
AcDbEntity
  8
EPLAN300
 48
4.0
370
    25
100
AcDbCircle
 10
0.0
 20
1.75
 30
0.0
 40
0.75
  0
LINE
  5
6FD
330
6D3
100
AcDbEntity
  8
EPLAN300
 48
4.0
370
    25
100
AcDbLine
 10
-0.75
 20
2.5
 30
0.0
 11
0.75
 21
2.5
 31
0.0
  0
CIRCLE
  5
6FE
330
6D3
100
AcDbEntity
  8
EPLAN300
 48
4.0
370
    25
100
AcDbCircle
 10
8.0
 20
1.75
 30
0.0
 40
0.75
  0
LINE
  5
6FF
330
6D3
100
AcDbEntity
  8
EPLAN300
 48
4.0
370
    25
100
AcDbLine
 10
7.25
 20
2.5
 30
0.0
 11
8.75
 21
2.5
 31
0.0
  0
CIRCLE
  5
700
330
6D3
100
AcDbEntity
  8
EPLAN300
 48
4.0
370
    25
100
AcDbCircle
 10
16.0
 20
1.75
 30
0.0
 40
0.75
  0
LINE
  5
701
330
6D3
100
AcDbEntity
  8
EPLAN300
 48
4.0
370
    25
100
AcDbLine
 10
15.25
 20
2.5
 30
0.0
 11
16.75
 21
2.5
 31
0.0
  0
LWPOLYLINE
  5
702
330
6D3
100
AcDbEntity
  8
EPLAN300
 48
4.0
370
    25
100
AcDbPolyline
 90
        5
 70
     1
 43
0.0
 10
-1.021741083830989
 20
-0.1934372019849775
 10
-1.471237223851999
 20
-0.5014252979249818
 10
-0.9551490630869919
 20
-1.458685596116993
 10
-0.4806809152879907
 20
-1.150697500176989
 10
-1.030065086424001
 20
-0.2017612045780197
  0
HATCH
  5
703
330
6D3
100
AcDbEntity
  8
EPLAN300
 48
4.0
370
    25
100
AcDbHatch
 10
0.0
 20
0.0
 30
0.0
210
0.0
220
0.0
230
1.0
  2
SOLID
 70
     1
 71
     0
 91
        1
 92
        2
 72
     0
 73
     1
 93
        5
 10
-1.021741083830989
 20
-0.1934372019849775
 10
-1.471237223851999
 20
-0.5014252979249818
 10
-0.9551490630869919
 20
-1.458685596116993
 10
-0.4806809152879907
 20
-1.150697500176989
 10
-1.030065086424001
 20
-0.2017612045780197
 97
        0
 75
     0
 76
     1
 98
        0
450
        0
451
        0
460
0.0
461
0.0
452
        0
462
0.0
453
        0
470

  0
LWPOLYLINE
  5
704
330
6D3
100
AcDbEntity
  8
EPLAN300
 48
4.0
370
    25
100
AcDbPolyline
 90
        5
 70
     1
 43
0.0
 10
6.978258916169011
 20
-0.1934372019849775
 10
6.528762776147998
 20
-0.5014252979249818
 10
7.044850936913007
 20
-1.458685596116993
 10
7.519319084712008
 20
-1.150697500176989
 10
6.969934913575997
 20
-0.2017612045780197
  0
HATCH
  5
705
330
6D3
100
AcDbEntity
  8
EPLAN300
 48
4.0
370
    25
100
AcDbHatch
 10
0.0
 20
0.0
 30
0.0
210
0.0
220
0.0
230
1.0
  2
SOLID
 70
     1
 71
     0
 91
        1
 92
        2
 72
     0
 73
     1
 93
        5
 10
6.978258916169011
 20
-0.1934372019849775
 10
6.528762776147998
 20
-0.5014252979249818
 10
7.044850936913007
 20
-1.458685596116993
 10
7.519319084712008
 20
-1.150697500176989
 10
6.969934913575997
 20
-0.2017612045780197
 97
        0
 75
     0
 76
     1
 98
        0
450
        0
451
        0
460
0.0
461
0.0
452
        0
462
0.0
453
        0
470

  0
LWPOLYLINE
  5
706
330
6D3
100
AcDbEntity
  8
EPLAN300
 48
4.0
370
    25
100
AcDbPolyline
 90
        5
 70
     1
 43
0.0
 10
14.978258916169
 20
-0.1934372019849775
 10
14.528762776148
 20
-0.5014252979249818
 10
15.044850936913
 20
-1.458685596116993
 10
15.519319084712
 20
-1.150697500176989
 10
14.969934913576
 20
-0.2017612045780197
  0
HATCH
  5
707
330
6D3
100
AcDbEntity
  8
EPLAN300
 48
4.0
370
    25
100
AcDbHatch
 10
0.0
 20
0.0
 30
0.0
210
0.0
220
0.0
230
1.0
  2
SOLID
 70
     1
 71
     0
 91
        1
 92
        2
 72
     0
 73
     1
 93
        5
 10
14.978258916169
 20
-0.1934372019849775
 10
14.528762776148
 20
-0.5014252979249818
 10
15.044850936913
 20
-1.458685596116993
 10
15.519319084712
 20
-1.150697500176989
 10
14.969934913576
 20
-0.2017612045780197
 97
        0
 75
     0
 76
     1
 98
        0
450
        0
451
        0
460
0.0
461
0.0
452
        0
462
0.0
453
        0
470

  0
LINE
  5
708
330
6D3
100
AcDbEntity
  8
EPLAN300
  6
Continuous
 48
4.0
370
    25
100
AcDbLine
 10
22.0
 20
0.0
 30
0.0
 11
22.88
 21
0.0
 31
0.0
  0
LINE
  5
709
330
6D3
100
AcDbEntity
  8
EPLAN300
  6
Continuous
370
    25
100
AcDbLine
 10
24.0034116664786
 20
-1.997899554317598
 30
0.0
 11
24.0034116664786
 21
-3.997899554317598
 31
0.0
  0
LINE
  5
70A
330
6D3
100
AcDbEntity
  8
EPLAN300
  6
Continuous
 48
4.0
370
    25
100
AcDbLine
 10
24.0034116664786
 20
-1.997899554317598
 30
0.0
 11
21.5034116664786
 21
2.502100445682373
 31
0.0
  0
LINE
  5
70B
330
6D3
100
AcDbEntity
  8
EPLAN300
  6
Continuous
370
    25
100
AcDbLine
 10
24.0
 20
4.0
 30
0.0
 11
24.0
 21
2.5
 31
0.0
  0
LINE
  5
70C
330
6D3
100
AcDbEntity
  8
EPLAN300
  6
Continuous
370
    25
100
AcDbLine
 10
20.0
 20
0.0
 30
0.0
 11
18.0
 21
0.0
 31
0.0
  0
CIRCLE
  5
70D
330
6D3
100
AcDbEntity
  8
EPLAN300
 48
4.0
370
    25
100
AcDbCircle
 10
24.0
 20
1.75
 30
0.0
 40
0.75
  0
LINE
  5
70E
330
6D3
100
AcDbEntity
  8
EPLAN300
 48
4.0
370
    25
100
AcDbLine
 10
23.25
 20
2.5
 30
0.0
 11
24.75
 21
2.5
 31
0.0
  0
LWPOLYLINE
  5
70F
330
6D3
100
AcDbEntity
  8
EPLAN300
 48
4.0
370
    25
100
AcDbPolyline
 90
        5
 70
     1
 43
0.0
 10
22.978258916169
 20
-0.1934372019849775
 10
22.528762776148
 20
-0.5014252979249818
 10
23.04485093691301
 20
-1.458685596116993
 10
23.519319084712
 20
-1.150697500176989
 10
22.969934913576
 20
-0.2017612045780197
  0
HATCH
  5
710
330
6D3
100
AcDbEntity
  8
EPLAN300
 48
4.0
370
    25
100
AcDbHatch
 10
0.0
 20
0.0
 30
0.0
210
0.0
220
0.0
230
1.0
  2
SOLID
 70
     1
 71
     0
 91
        1
 92
        2
 72
     0
 73
     1
 93
        5
 10
22.978258916169
 20
-0.1934372019849775
 10
22.528762776148
 20
-0.5014252979249818
 10
23.04485093691301
 20
-1.458685596116993
 10
23.519319084712
 20
-1.150697500176989
 10
22.969934913576
 20
-0.2017612045780197
 97
        0
 75
     0
 76
     1
 98
        0
450
        0
451
        0
460
0.0
461
0.0
452
        0
462
0.0
453
        0
470

  0
ENDBLK
  5
711
330
6D3
100
AcDbEntity
  8
0
100
AcDbBlockEnd
  0
BLOCK
  5
713
330
712
100
AcDbEntity
  8
0
100
AcDbBlockBegin
  2
EPLSYM_LibrarySPECIAL_Symbol0_Variant0_Placement1_5
 70
     2
 10
0.0
 20
0.0
 30
0.0
  3
EPLSYM_LibrarySPECIAL_Symbol0_Variant0_Placement1_5
  1

  0
ATTDEF
  5
714
330
712
100
AcDbEntity
  8
EPLAN400
 62
     5
100
AcDbText
 10
-12.59628712871286
 20
-3.136999999999998
 30
0.0
 40
2.197499999999998
  1
17_20010
  7
GOST Type BU
 72
     2
 11
-1.5
 21
-0.9394999999999999
 31
0.0
100
AcDbAttributeDefinition
280
     0
  3
ОУ (видимое)
  2
17_20010
 70
     0
 74
     3
280
     0
  0
ATTDEF
  5
715
330
712
100
AcDbEntity
  8
EPLAN440
 62
    73
100
AcDbText
 10
-9.802633663366336
 20
-6.23114
 30
0.0
 40
1.5822
  1
17_20300
  7
GOST Type BU
 72
     2
 11
-1.5
 21
-4.64894
 31
0.0
100
AcDbAttributeDefinition
280
     0
  3
Перекр. ссылка (основ. / вспомогат. функция)
  2
17_20300
 70
     0
 74
     3
280
     0
  0
ATTDEF
  5
716
330
712
100
AcDbEntity
  8
EPLAN500
 62
     7
100
AcDbText
 10
-9.802633663366336
 20
-8.990539999999999
 30
0.0
 40
1.5822
  1
17_20027
  7
GOST Type BU
 72
     2
 11
-1.5
 21
-7.408339999999999
 31
0.0
100
AcDbAttributeDefinition
280
     0
  3
Технические параметры
  2
17_20027
 70
     0
 74
     3
280
     0
  0
ATTDEF
  5
717
330
712
100
AcDbEntity
  8
EPLAN504
 62
     7
100
AcDbText
 10
-11.52582178217822
 20
-11.74994
 30
0.0
 40
1.5822
  1
17_20901[1]
  7
GOST Type BU
 72
     2
 11
-1.5
 21
-10.16774
 31
0.0
100
AcDbAttributeDefinition
280
     0
  3
Доп. поле[1]
  2
17_20901[1]
 70
     0
 74
     3
280
     0
  0
ATTDEF
  5
718
330
712
100
AcDbEntity
  8
EPLAN501
 62
     7
100
AcDbText
 10
-9.176019801980197
 20
-14.50934
 30
0.0
 40
1.5822
  1
17_20011
  7
GOST Type BU
 72
     2
 11
-1.5
 21
-12.92714
 31
0.0
100
AcDbAttributeDefinition
280
     0
  3
Функциональный текст
  2
17_20011
 70
     0
 74
     3
280
     0
  0
ATTDEF
  5
719
330
712
100
AcDbEntity
  8
EPLAN502
 62
     7
100
AcDbText
 10
-9.802633663366336
 20
-17.26874
 30
0.0
 40
1.5822
  1
17_20025
  7
GOST Type BU
 72
     2
 11
-1.5
 21
-15.68654
 31
0.0
100
AcDbAttributeDefinition
280
     0
  3
Текст гравировки
  2
17_20025
 70
     0
 74
     3
280
     0
  0
ATTDEF
  5
71A
330
712
100
AcDbEntity
  8
EPLAN503
 62
     7
100
AcDbText
 10
-9.959287128712871
 20
-20.02814
 30
0.0
 40
1.5822
  1
17_20024
  7
GOST Type BU
 72
     2
 11
-1.5
 21
-18.44594
 31
0.0
100
AcDbAttributeDefinition
280
     0
  3
Место монтажа (описат.)
  2
17_20024
 70
     0
 74
     3
280
     0
  0
LWPOLYLINE
  5
71B
330
712
100
AcDbEntity
  8
EPLAN305
 48
4.0
370
    25
100
AcDbPolyline
 90
        4
 70
     1
 43
0.0
 10
0.0
 20
-216.0
 10
136.0
 20
-216.0
 10
136.0
 20
0.0
 10
0.0
 20
0.0
  0
ENDBLK
  5
71C
330
712
100
AcDbEntity
  8
0
100
AcDbBlockEnd
  0
BLOCK
  5
71E
330
71D
100
AcDbEntity
  8
0
100
AcDbBlockBegin
  2
EPLSYM_LibraryStrelki_Symbol8_Variant0_Placement1
 70
     2
 10
0.0
 20
0.0
 30
0.0
  3
EPLSYM_LibraryStrelki_Symbol8_Variant0_Placement1
  1

  0
ATTDEF
  5
71F
330
71D
100
AcDbEntity
  8
EPLAN420
 62
     7
100
AcDbText
 10
0.5
 20
-1.636047524752475
 30
0.0
 40
1.5822
  1
70_20028[1]
  7
GOST Type BU
 11
0.5
 21
-2.2
 31
0.0
100
AcDbAttributeDefinition
280
     0
  3
Обозначение вывода устройства[1]
  2
70_20028[1]
 70
     0
 74
     1
280
     0
  0
ATTDEF
  5
720
330
71D
100
AcDbEntity
  8
EPLAN421
 62
     5
100
AcDbText
 10
0.5
 20
0.9666990099009902
 30
0.0
 40
1.1427
  1
70_20029[1]
  7
GOST Type BU
 11
0.5
 21
0.5594000000000002
 31
0.0
100
AcDbAttributeDefinition
280
     0
  3
Описание вывода устройства[1]
  2
70_20029[1]
 70
     0
 74
     1
280
     0
  0
ATTDEF
  5
721
330
71D
100
AcDbEntity
  8
EPLAN420
 62
     7
100
AcDbText
 10
0.5
 20
-2.136047524752475
 30
0.0
 40
1.5822
  1
70_20028[2]
  7
GOST Type BU
 11
0.5
 21
-2.7
 31
0.0
100
AcDbAttributeDefinition
280
     0
  3
Обозначение вывода устройства[2]
  2
70_20028[2]
 70
     0
 74
     1
280
     0
  0
ATTDEF
  5
722
330
71D
100
AcDbEntity
  8
EPLAN421
 62
     5
100
AcDbText
 10
0.5
 20
-4.285600990099008
 30
0.0
 40
1.1427
  1
70_20029[2]
  7
GOST Type BU
 11
0.5
 21
-4.692899999999998
 31
0.0
100
AcDbAttributeDefinition
280
     0
  3
Описание вывода устройства[2]
  2
70_20029[2]
 70
     0
 74
     1
280
     0
  0
ATTDEF
  5
723
330
71D
100
AcDbEntity
  8
EPLAN512
 62
    11
100
AcDbText
 10
0.2197499999999999
 20
0.9012500000000006
 30
0.0
 40
2.197499999999998
  1
70_20201[1]
  7
GOST Type BU_I
 11
0.21975
 21
2.0
 31
0.0
100
AcDbAttributeDefinition
280
     0
  3
Свойство блока[1]
  2
70_20201[1]
 70
     0
 74
     2
280
     0
  0
LWPOLYLINE
  5
724
330
71D
100
AcDbEntity
  8
EPLAN311
  6
Continuous
 48
4.0
100
AcDbPolyline
 90
        3
 70
     1
 43
0.0
 10
-1.0
 20
-0.75
 10
0.0
 20
2.0
 10
1.0
 20
-0.75
  0
HATCH
  5
725
330
71D
100
AcDbEntity
  8
EPLAN311
  6
Continuous
 48
4.0
100
AcDbHatch
 10
0.0
 20
0.0
 30
0.0
210
0.0
220
0.0
230
1.0
  2
SOLID
 70
     1
 71
     0
 91
        1
 92
        2
 72
     0
 73
     1
 93
        3
 10
-1.0
 20
-0.75
 10
0.0
 20
2.0
 10
1.0
 20
-0.75
 97
        0
 75
     0
 76
     1
 98
        0
450
        0
451
        0
460
0.0
461
0.0
452
        0
462
0.0
453
        0
470

  0
LINE
  5
726
330
71D
100
AcDbEntity
  8
EPLAN311
  6
Continuous
 48
4.0
100
AcDbLine
 10
0.0
 20
-2.0
 30
0.0
 11
0.0
 21
-0.75
 31
0.0
  0
ENDBLK
  5
727
330
71D
100
AcDbEntity
  8
0
100
AcDbBlockEnd
  0
ENDSEC
  0
SECTION
  2
ENTITIES
  0
TEXT
  5
1206
330
1F
100
AcDbEntity
  8
EPLAN201
 62
     7
100
AcDbText
 10
384.6913626237624
 20
41.119
 30
0.0
 40
2.197499999999998
  1
Масса
  7
GOST Type BU
 72
     1
 11
388.5
 21
42.21775
 31
0.0
100
AcDbText
 73
     2
  0
LWPOLYLINE
  5
1207
330
1F
100
AcDbEntity
  8
EPLAN201
  6
Continuous
 62
     7
 48
4.0
370
    35
100
AcDbPolyline
 90
        4
 70
     1
 43
0.0
 10
380.0
 20
40.0
 10
397.0
 20
40.0
 10
397.0
 20
44.87499999999999
 10
380.0
 20
44.87499999999999
  0
TEXT
  5
1208
330
1F
100
AcDbEntity
  8
EPLAN201
 62
     7
100
AcDbText
 10
274.0188117284612
 20
36.18149999999999
 30
0.0
 40
2.197499999999998
  1
Подп.
  7
GOST Type BU
 72
     1
 11
277.499999847273
 21
37.28025
 31
0.0
100
AcDbText
 73
     2
  0
LWPOLYLINE
  5
1209
330
1F
100
AcDbEntity
  8
EPLAN201
  6
Continuous
 62
     7
 48
4.0
370
    35
100
AcDbPolyline
 90
        4
 70
     1
 43
0.0
 10
269.999999871388
 20
35.0
 10
284.999999823158
 20
35.0
 10
284.999999823158
 20
40.0
 10
269.999999871388
 20
40.0
  0
TEXT
  5
120A
330
1F
100
AcDbEntity
  8
EPLAN201
 62
     7
100
AcDbText
 10
252.2991335990603
 20
36.18149999999999
 30
0.0
 40
2.197499999999998
  1
№ докум.
  7
GOST Type BU
 72
     1
 11
258.499999935694
 21
37.28025
 31
0.0
100
AcDbText
 73
     2
  0
LWPOLYLINE
  5
120B
330
1F
100
AcDbEntity
  8
EPLAN201
  6
Continuous
 62
     7
 48
4.0
370
    35
100
AcDbPolyline
 90
        4
 70
     1
 43
0.0
 10
247.0
 20
35.0
 10
269.999999871388
 20
35.0
 10
269.999999871388
 20
40.0
 10
247.0
 20
40.0
  0
TEXT
  5
120C
330
1F
100
AcDbEntity
  8
EPLAN201
 62
     7
100
AcDbText
 10
11.63700000000002
 20
9.297029702970311
 30
0.0
 40
2.197499999999998
  1
Инв. № подл.
 50
90.00000000000019
  7
GOST Type BU
 72
     1
 11
9.439499999999998
 21
18.0
 31
0.0
100
AcDbText
 73
     3
  0
TEXT
  5
120D
330
1F
100
AcDbEntity
  8
EPLAN201
 62
     7
100
AcDbText
 10
380.7321782178218
 20
0.7832673267326729
 30
0.0
 40
2.197499999999998
  1
Формат  А3
  7
GOST Type BU
 72
     1
 11
389.0
 21
0.0
 31
0.0
100
AcDbText
 73
     1
  0
TEXT
  5
120E
330
1F
100
AcDbEntity
  8
EPLAN201
 62
     7
100
AcDbText
 10
11.63700000000002
 20
39.1871547029703
 30
0.0
 40
2.197499999999998
  1
Подп. и дата
 50
90.00000000000019
  7
GOST Type BU
 72
     1
 11
9.439499999999998
 21
47.99999999999999
 31
0.0
100
AcDbText
 73
     3
  0
TEXT
  5
120F
330
1F
100
AcDbEntity
  8
EPLAN201
 62
     7
100
AcDbText
 10
231.0
 20
31.1815
 30
0.0
 40
2.197499999999998
  1
Разраб.
  7
GOST Type BU
 11
231.0
 21
32.28025
 31
0.0
100
AcDbText
 73
     2
  0
TEXT
  5
1210
330
1F
100
AcDbEntity
  8
EPLAN201
 62
     7
100
AcDbText
 10
369.5627475247525
 20
41.119
 30
0.0
 40
2.197499999999998
  1
Лит.
  7
GOST Type BU
 72
     1
 11
372.5
 21
42.21775
 31
0.0
100
AcDbText
 73
     2
  0
LWPOLYLINE
  5
1211
330
1F
100
AcDbEntity
  8
EPLAN201
  6
Continuous
 62
     7
 48
4.0
370
    35
100
AcDbPolyline
 90
        4
 70
     1
 43
0.0
 10
365.0
 20
40.0
 10
380.0
 20
40.0
 10
380.0
 20
44.87499999999999
 10
365.0
 20
44.87499999999999
  0
LWPOLYLINE
  5
1212
330
1F
100
AcDbEntity
  8
EPLAN201
  6
Continuous
 62
     7
 48
4.0
370
    35
100
AcDbPolyline
 90
        4
 70
     1
 43
0.0
 10
20.0
 20
4.999999999999992
 10
415.0
 20
4.999999999999992
 10
415.0
 20
292.0
 10
20.0
 20
292.0
  0
TEXT
  5
1213
330
1F
100
AcDbEntity
  8
EPLAN201
 62
     7
100
AcDbText
 10
11.63700000000002
 20
69.24263613861388
 30
0.0
 40
2.197499999999998
  1
Взам. инв. №
 50
90.00000000000019
  7
GOST Type BU
 72
     1
 11
9.439499999999998
 21
78.0
 31
0.0
100
AcDbText
 73
     3
  0
TEXT
  5
1214
330
1F
100
AcDbEntity
  8
EPLAN201
 62
     7
100
AcDbText
 10
231.0
 20
26.1815
 30
0.0
 40
2.197499999999998
  1
Пров.
  7
GOST Type BU
 11
231.0
 21
27.28025
 31
0.0
100
AcDbText
 73
     2
  0
TEXT
  5
1216
330
1F
100
AcDbEntity
  8
EPLAN201
 62
     7
100
AcDbText
 10
400.1254950495049
 20
41.18149999999999
 30
0.0
 40
2.197499999999998
  1
Масштаб
  7
GOST Type BU
 72
     1
 11
406.0
 21
42.28024999999999
 31
0.0
100
AcDbText
 73
     2
  0
LWPOLYLINE
  5
1217
330
1F
100
AcDbEntity
  8
EPLAN201
  6
Continuous
 62
     7
 48
4.0
370
    35
100
AcDbPolyline
 90
        4
 70
     1
 43
0.0
 10
397.0
 20
40.0
 10
415.0
 20
40.0
 10
415.0
 20
45.0
 10
397.0
 20
45.0
  0
TEXT
  5
1218
330
1F
100
AcDbEntity
  8
EPLAN201
 62
     7
100
AcDbText
 10
230.8268642257138
 20
36.18149999999999
 30
0.0
 40
2.197499999999998
  1
Изм.
  7
GOST Type BU
 72
     1
 11
233.6009360078921
 21
37.28025
 31
0.0
100
AcDbText
 73
     2
  0
LWPOLYLINE
  5
1219
330
1F
100
AcDbEntity
  8
EPLAN201
  6
Continuous
 62
     7
 48
4.0
370
    35
100
AcDbPolyline
 90
        4
 70
     1
 43
0.0
 10
230.100936007892
 20
35.0
 10
237.100936007892
 20
35.0
 10
237.100936007892
 20
40.0
 10
230.100936007892
 20
40.0
  0
LWPOLYLINE
  5
121A
330
1F
100
AcDbEntity
  8
EPLAN201
 62
     7
 48
4.0
100
AcDbPolyline
 90
        4
 70
     1
 43
0.0
 10
0.0
 20
0.0
 10
419.9999999999999
 20
0.0
 10
419.9999999999999
 20
297.0
 10
0.0
 20
297.0
  0
LINE
  5
121B
330
1F
100
AcDbEntity
  8
EPLAN201
 62
     7
 48
4.0
100
AcDbLine
 10
20.0
 20
4.999999999999992
 30
0.0
 11
8.0
 21
4.999999999999992
 31
0.0
  0
LINE
  5
121C
330
1F
100
AcDbEntity
  8
EPLAN201
 62
     7
 48
4.0
100
AcDbLine
 10
8.0
 20
4.999999999999992
 30
0.0
 11
8.0
 21
150.0
 31
0.0
  0
LINE
  5
121D
330
1F
100
AcDbEntity
  8
EPLAN201
 62
     7
 48
4.0
100
AcDbLine
 10
20.0
 20
30.0
 30
0.0
 11
8.0
 21
30.0
 31
0.0
  0
LINE
  5
121E
330
1F
100
AcDbEntity
  8
EPLAN201
 62
     7
 48
4.0
100
AcDbLine
 10
20.0
 20
65.00000000000001
 30
0.0
 11
8.0
 21
65.00000000000001
 31
0.0
  0
LINE
  5
121F
330
1F
100
AcDbEntity
  8
EPLAN201
 62
     7
 48
4.0
100
AcDbLine
 10
14.0
 20
150.0
 30
0.0
 11
14.0
 21
4.999999999999992
 31
0.0
  0
LWPOLYLINE
  5
1220
330
1F
100
AcDbEntity
  8
EPLAN201
 62
     7
 48
4.0
100
AcDbPolyline
 90
        4
 70
     1
 43
0.0
 10
230.0
 20
4.999999999999992
 10
415.0
 20
4.999999999999992
 10
415.0
 20
60.0
 10
230.0
 20
60.0
  0
LINE
  5
1221
330
1F
100
AcDbEntity
  8
EPLAN201
 62
     7
 48
4.0
100
AcDbLine
 10
295.0
 20
60.0
 30
0.0
 11
295.0
 21
4.999999999999992
 31
0.0
  0
LINE
  5
1222
330
1F
100
AcDbEntity
  8
EPLAN201
 62
     7
 48
4.0
100
AcDbLine
 10
365.0
 20
45.0
 30
0.0
 11
364.999999884807
 21
4.999215099032983
 31
0.0
  0
LINE
  5
1223
330
1F
100
AcDbEntity
  8
EPLAN201
 62
     7
 48
4.0
100
AcDbLine
 10
246.999998244799
 20
60.00136324824251
 30
0.0
 11
246.999998244799
 21
5.001363248241993
 31
0.0
  0
LINE
  5
1224
330
1F
100
AcDbEntity
  8
EPLAN201
 62
     7
 48
4.0
100
AcDbLine
 10
269.999999871388
 20
60.00320764324429
 30
0.0
 11
269.999999871388
 21
5.003207643243992
 31
0.0
  0
LINE
  5
1225
330
1F
100
AcDbEntity
  8
EPLAN201
 62
     7
 48
4.0
100
AcDbLine
 10
284.999999823158
 20
60.004410509461
 30
0.0
 11
284.999999823158
 21
5.004410509460994
 31
0.0
  0
LINE
  5
1226
330
1F
100
AcDbEntity
  8
EPLAN201
 62
     7
 48
4.0
100
AcDbLine
 10
236.999999977493
 20
60.00056133756778
 30
0.0
 11
236.999999977493
 21
35.00056133756779
 31
0.0
  0
LINE
  5
1227
330
1F
100
AcDbEntity
  8
EPLAN201
 62
     7
 48
4.0
100
AcDbLine
 10
230.0
 20
45.0
 30
0.0
 11
295.0
 21
45.0
 31
0.0
  0
LINE
  5
1228
330
1F
100
AcDbEntity
  8
EPLAN201
 62
     7
 48
4.0
100
AcDbLine
 10
230.0
 20
20.0
 30
0.0
 11
365.0
 21
20.0
 31
0.0
  0
LINE
  5
1229
330
1F
100
AcDbEntity
  8
EPLAN201
 62
     7
 48
4.0
100
AcDbLine
 10
230.0
 20
55.0
 30
0.0
 11
295.0
 21
55.0
 31
0.0
  0
LINE
  5
122A
330
1F
100
AcDbEntity
  8
EPLAN201
 62
     7
 48
4.0
100
AcDbLine
 10
295.0
 20
45.0
 30
0.0
 11
415.0
 21
45.0
 31
0.0
  0
LINE
  5
122B
330
1F
100
AcDbEntity
  8
EPLAN201
 62
     7
 48
4.0
100
AcDbLine
 10
230.0
 20
40.0
 30
0.0
 11
295.0
 21
40.0
 31
0.0
  0
LINE
  5
122C
330
1F
100
AcDbEntity
  8
EPLAN201
 62
     7
 48
4.0
100
AcDbLine
 10
230.0
 20
9.999999999999992
 30
0.0
 11
295.0
 21
9.999999999999992
 31
0.0
  0
LINE
  5
122D
330
1F
100
AcDbEntity
  8
EPLAN201
 62
     7
 48
4.0
100
AcDbLine
 10
230.0
 20
15.0
 30
0.0
 11
295.0
 21
15.0
 31
0.0
  0
LINE
  5
122E
330
1F
100
AcDbEntity
  8
EPLAN201
 62
     7
 48
4.0
100
AcDbLine
 10
230.0
 20
25.0
 30
0.0
 11
295.0
 21
25.0
 31
0.0
  0
LINE
  5
122F
330
1F
100
AcDbEntity
  8
EPLAN201
 62
     7
 48
4.0
100
AcDbLine
 10
230.0
 20
30.0
 30
0.0
 11
295.0
 21
30.0
 31
0.0
  0
LINE
  5
1230
330
1F
100
AcDbEntity
  8
EPLAN201
 62
     7
 48
4.0
100
AcDbLine
 10
364.999999884807
 20
40.0
 30
0.0
 11
415.0
 21
40.0
 31
0.0
  0
LINE
  5
1231
330
1F
100
AcDbEntity
  8
EPLAN201
 62
     7
 48
4.0
100
AcDbLine
 10
380.0
 20
45.0
 30
0.0
 11
380.0
 21
25.0
 31
0.0
  0
LINE
  5
1232
330
1F
100
AcDbEntity
  8
EPLAN201
 62
     7
 48
4.0
100
AcDbLine
 10
397.0
 20
45.0
 30
0.0
 11
397.0
 21
25.0
 31
0.0
  0
TEXT
  5
1233
330
1F
100
AcDbEntity
  8
EPLAN201
 62
     7
100
AcDbText
 10
238.7363861386138
 20
36.18149999999999
 30
0.0
 40
2.197499999999998
  1
Лист
  7
GOST Type BU
 72
     1
 11
242.0
 21
37.28025
 31
0.0
100
AcDbText
 73
     2
  0
LWPOLYLINE
  5
1234
330
1F
100
AcDbEntity
  8
EPLAN201
  6
Continuous
 62
     7
 48
4.0
370
    35
100
AcDbPolyline
 90
        4
 70
     1
 43
0.0
 10
237.0
 20
35.0
 10
247.0
 20
35.0
 10
247.0
 20
40.0
 10
237.0
 20
40.0
  0
LINE
  5
1236
330
1F
100
AcDbEntity
  8
EPLAN201
 62
     7
 48
4.0
100
AcDbLine
 10
20.0
 20
90.00000000000001
 30
0.0
 11
8.0
 21
90.00000000000001
 31
0.0
  0
LINE
  5
1237
330
1F
100
AcDbEntity
  8
EPLAN201
 62
     7
 48
4.0
100
AcDbLine
 10
20.0
 20
114.9999999999999
 30
0.0
 11
8.0
 21
114.9999999999999
 31
0.0
  0
LINE
  5
1238
330
1F
100
AcDbEntity
  8
EPLAN201
 62
     7
 48
4.0
100
AcDbLine
 10
20.0
 20
150.0
 30
0.0
 11
8.0
 21
150.0
 31
0.0
  0
TEXT
  5
1239
330
1F
100
AcDbEntity
  8
EPLAN201
 62
     7
100
AcDbText
 10
11.63700000000002
 20
94.29702970297029
 30
0.0
 40
2.197499999999998
  1
Инв. № дубл.
 50
90.00000000000019
  7
GOST Type BU
 72
     1
 11
9.439499999999998
 21
103.0
 31
0.0
100
AcDbText
 73
     3
  0
TEXT
  5
123A
330
1F
100
AcDbEntity
  8
EPLAN201
 62
     7
100
AcDbText
 10
11.63700000000002
 20
124.1871547029703
 30
0.0
 40
2.197499999999998
  1
Подп. и дата
 50
90.00000000000019
  7
GOST Type BU
 72
     1
 11
9.439499999999998
 21
133.0
 31
0.0
100
AcDbText
 73
     3
  0
TEXT
  5
123B
330
1F
100
AcDbEntity
  8
EPLAN201
 62
     7
100
AcDbText
 10
231.0
 20
11.1815
 30
0.0
 40
2.197499999999998
  1
Н. контр.
  7
GOST Type BU
 11
231.0
 21
12.28025
 31
0.0
100
AcDbText
 73
     2
  0
TEXT
  5
123C
330
1F
100
AcDbEntity
  8
EPLAN201
 62
     7
100
AcDbText
 10
231.0
 20
6.181499999999994
 30
0.0
 40
2.197499999999998
  1
Утв.
  7
GOST Type BU
 11
231.0
 21
7.280249999999993
 31
0.0
100
AcDbText
 73
     2
  0
LINE
  5
123D
330
1F
100
AcDbEntity
  8
EPLAN201
 62
     7
 48
4.0
100
AcDbLine
 10
230.0
 20
35.0
 30
0.0
 11
295.0
 21
35.0
 31
0.0
  0
LINE
  5
123E
330
1F
100
AcDbEntity
  8
EPLAN201
 62
     7
 48
4.0
100
AcDbLine
 10
230.0
 20
50.0
 30
0.0
 11
295.0
 21
50.0
 31
0.0
  0
LINE
  5
123F
330
1F
100
AcDbEntity
  8
EPLAN201
 62
     7
 48
4.0
100
AcDbLine
 10
365.0
 20
25.0
 30
0.0
 11
415.0
 21
25.0
 31
0.0
  0
LINE
  5
1240
330
1F
100
AcDbEntity
  8
EPLAN201
 62
     7
 48
4.0
100
AcDbLine
 10
364.999999884807
 20
20.0
 30
0.0
 11
415.0
 21
20.0
 31
0.0
  0
TEXT
  5
1241
330
1F
100
AcDbEntity
  8
EPLAN201
 62
     7
100
AcDbText
 10
367.2363861386139
 20
21.1815
 30
0.0
 40
2.197499999999998
  1
Лист
  7
GOST Type BU
 72
     1
 11
370.5
 21
22.28025
 31
0.0
100
AcDbText
 73
     2
  0
LINE
  5
1242
330
1F
100
AcDbEntity
  8
EPLAN201
 62
     7
 48
4.0
100
AcDbLine
 10
370.0
 20
40.0
 30
0.0
 11
370.0
 21
25.0
 31
0.0
  0
LINE
  5
1243
330
1F
100
AcDbEntity
  8
EPLAN201
 62
     7
 48
4.0
100
AcDbLine
 10
375.0
 20
40.0
 30
0.0
 11
375.0
 21
25.0
 31
0.0
  0
LINE
  5
1244
330
1F
100
AcDbEntity
  8
EPLAN201
 62
     7
 48
4.0
100
AcDbLine
 10
385.0
 20
25.0
 30
0.0
 11
385.0
 21
20.0
 31
0.0
  0
LINE
  5
1245
330
1F
100
AcDbEntity
  8
EPLAN201
 62
     7
 48
4.0
100
AcDbLine
 10
90.0
 20
278.0
 30
0.0
 11
20.0
 21
278.0
 31
0.0
  0
LINE
  5
1246
330
1F
100
AcDbEntity
  8
EPLAN201
 62
     7
 48
4.0
100
AcDbLine
 10
90.0
 20
292.0
 30
0.0
 11
90.0
 21
278.0
 31
0.0
  0
TEXT
  5
133B
330
1F
100
AcDbEntity
  8
EPLAN201
 62
     7
100
AcDbText
 10
286.51772392148
 20
36.18149999999999
 30
0.0
 40
2.197499999999998
  1
Дата
  7
GOST Type BU
 72
     1
 11
289.999999911579
 21
37.28025
 31
0.0
100
AcDbText
 73
     2
  0
LWPOLYLINE
  5
133C
330
1F
100
AcDbEntity
  8
EPLAN201
  6
Continuous
 62
     7
 48
4.0
370
    35
100
AcDbPolyline
 90
        4
 70
     1
 43
0.0
 10
284.999999823158
 20
35.0
 10
294.9999999999999
 20
35.0
 10
294.9999999999999
 20
40.0
 10
284.999999823158
 20
40.0
  0
TEXT
  5
1344
330
1F
100
AcDbEntity
  8
EPLAN201
 62
     7
100
AcDbText
 10
386.2133663366337
 20
21.1815
 30
0.0
 40
2.197499999999998
  1
Листов
  7
GOST Type BU
 72
     1
 11
391.0
 21
22.28025
 31
0.0
100
AcDbText
 73
     2
  0
TEXT
  5
1347
330
1F
100
AcDbEntity
  8
EPLAN442
 62
    73
100
AcDbText
 10
39.54402719488097
 20
279.1423532343221
 30
0.0
 40
1.5822
  1

  7
GOST Type BU
 72
     2
 11
39.54402719488097
 21
279.9334532343221
 31
0.0
100
AcDbText
 73
     2
  0
TEXT
  5
1348
330
1F
100
AcDbEntity
  8
EPLAN442
 62
    73
100
AcDbText
 10
39.54402719488097
 20
279.1423532343221
 30
0.0
 40
1.5822
  1

  7
GOST Type BU
 72
     2
 11
39.54402719488097
 21
279.9334532343221
 31
0.0
100
AcDbText
 73
     2
  0
TEXT
  5
1349
330
1F
100
AcDbEntity
  8
EPLAN405
 62
     1
100
AcDbText
 10
87.54402719488098
 20
280.0916732343221
 30
0.0
 40
1.1427
  1

  7
GOST Type BU
100
AcDbText
  0
TEXT
  5
134A
330
1F
100
AcDbEntity
  8
EPLAN405
 62
     1
100
AcDbText
 10
87.54402719488098
 20
280.0916732343221
 30
0.0
 40
1.1427
  1

  7
GOST Type BU
100
AcDbText
  0
TEXT
  5
134C
330
1F
100
AcDbEntity
  8
EPLAN201
 62
     7
100
AcDbText
 10
285.2475246640544
 20
31.28025
 30
0.0
 40
2.0
  1
30.06.26
  7
GOST Type BU
 72
     1
 11
289.9999999115792
 21
32.28025
 31
0.0
100
AcDbText
 73
     2
  0
TEXT
  5
1352
330
1F
100
AcDbEntity
  8
EPLAN201
 62
     7
100
AcDbText
 10
285.2475246640543
 20
26.28025
 30
0.0
 40
2.0
  1
30.06.26
  7
GOST Type BU
 72
     1
 11
289.999999911579
 21
27.28025000000001
 31
0.0
100
AcDbText
 73
     2
  0
TEXT
  5
1353
330
1F
100
AcDbEntity
  8
EPLAN201
 62
     7
100
AcDbText
 10
285.2475246640544
 20
11.28025
 30
0.0
 40
2.0
  1
30.06.26
  7
GOST Type BU
 72
     1
 11
289.9999999115792
 21
12.28025
 31
0.0
100
AcDbText
 73
     2
  0
TEXT
  5
1354
330
1F
100
AcDbEntity
  8
EPLAN201
 62
     7
100
AcDbText
 10
285.2475246640544
 20
6.280249999999993
 30
0.0
 40
2.0
  1
30.06.26
  7
GOST Type BU
 72
     1
 11
289.9999999115792
 21
7.280249999999993
 31
0.0
100
AcDbText
 73
     2
  0
TEXT
  5
1355
330
1F
100
AcDbEntity
  8
EPLAN201
 62
     7
100
AcDbText
 10
247.9355354192102
 20
31.23237631366939
 30
0.0
 40
2.0
  1
Гайнуллин Л.Т.
  7
GOST Type BU
 72
     1
 11
256.9454364093092
 21
32.23237631366939
 31
0.0
100
AcDbText
 73
     2
  0
TEXT
  5
1356
330
1F
100
AcDbEntity
  8
EPLAN201
 62
     7
100
AcDbText
 10
247.9355336640092
 20
26.23237631366939
 30
0.0
 40
2.0
  1
Гайнуллин Л.Т.
  7
GOST Type BU
 72
     1
 11
256.9454346541082
 21
27.23237631366939
 31
0.0
100
AcDbText
 73
     2
  0
TEXT
  5
1357
330
1F
100
AcDbEntity
  8
EPLAN201
 62
     7
100
AcDbText
 10
247.9355354192102
 20
11.23237631366939
 30
0.0
 40
2.0
  1
Гайнуллин Л.Т.
  7
GOST Type BU
 72
     1
 11
256.9454364093092
 21
12.23237631366939
 31
0.0
100
AcDbText
 73
     2
  0
TEXT
  5
1358
330
1F
100
AcDbEntity
  8
EPLAN201
 62
     7
100
AcDbText
 10
247.9355354192102
 20
6.232376313669393
 30
0.0
 40
2.0
  1
Гайнуллин Л.Т.
  7
GOST Type BU
 72
     1
 11
256.9454364093092
 21
7.232376313669393
 31
0.0
100
AcDbText
 73
     2
  0
TEXT
  5
1360
330
1F
100
AcDbEntity
  8
EPLAN201
 62
     7
100
AcDbText
 10
378.5692133370035
 20
21.27354549631253
 30
0.0
 40
2.0
  1
1
  7
GOST Type BU
 72
     1
 11
379.064262841954
 21
22.27354549631253
 31
0.0
100
AcDbText
 73
     2
  0
TEXT
  5
1361
330
1F
100
AcDbEntity
  8
EPLAN201
 62
     7
100
AcDbText
 10
404.0606901568239
 20
21.27354549631253
 30
0.0
 40
2.0
  1
9
  7
GOST Type BU
 72
     1
 11
404.7537594637546
 21
22.27354549631253
 31
0.0
100
AcDbText
 73
     2
  0
TEXT
  5
1369
330
1F
100
AcDbEntity
  8
EPLAN201
 62
     7
100
AcDbText
 10
341.8980770773234
 20
50.21166005438261
 30
0.0
 40
3.5
  1
777.26-ЭЗ.1
  7
GOST Type BU
 72
     1
 11
353.6802552951452
 21
51.96166005438261
 31
0.0
100
AcDbText
 73
     2
  0
TEXT
  5
1371
330
1F
100
AcDbEntity
  8
EPLAN201
 62
     7
100
AcDbText
 10
69.30126933180176
 20
286.05091615108
 30
0.0
 40
3.5
  1
777.26-ЭЗ.1
 50
180.0
  7
GOST Type BU
 72
     1
 11
57.51909111397998
 21
284.30091615108
 31
0.0
100
AcDbText
 73
     2
  0
ENDSEC
  0
SECTION
  2
OBJECTS
  0
DICTIONARY
  5
C
330
0
100
AcDbDictionary
281
     1
  3
ACAD_CIP_PREVIOUS_PRODUCT_INFO
350
216
  3
ACAD_COLOR
350
6B
  3
ACAD_DETAILVIEWSTYLE
350
21B
  3
ACAD_GROUP
350
D
  3
ACAD_LAYOUT
350
1A
  3
ACAD_MATERIAL
350
6A
  3
ACAD_MLEADERSTYLE
350
12D
  3
ACAD_MLINESTYLE
350
17
  3
ACAD_PLOTSETTINGS
350
19
  3
ACAD_PLOTSTYLENAME
350
E
  3
ACAD_SCALELIST
350
10C
  3
ACAD_SECTIONVIEWSTYLE
350
219
  3
ACAD_TABLESTYLE
350
7E
  3
ACAD_VISUALSTYLE
350
EF
  3
ACDB_RECOMPOSE_DATA
350
137B
  3
AcDbVariableDictionary
350
5E
  0
DICTIONARY
  5
1FF
330
2
100
AcDbDictionary
280
     1
281
     1
  3
ACAD_LAYERSTATES
360
200
  0
DICTIONARY
  5
13C
330
10
100
AcDbDictionary
280
     1
281
     1
  0
DICTIONARY
  5
1CE
330
1F
100
AcDbDictionary
280
     1
281
     1
  3
ACAD_SORTENTS
360
134B
  0
XRECORD
  5
216
102
{ACAD_REACTORS
330
C
102
}
330
C
100
AcDbXrecord
280
     1
300
ACD
300
2022
300

  0
DICTIONARY
  5
6B
102
{ACAD_REACTORS
330
C
102
}
330
C
100
AcDbDictionary
281
     1
  0
DICTIONARY
  5
21B
102
{ACAD_REACTORS
330
C
102
}
330
C
100
AcDbDictionary
281
     1
  3
Metric50
350
21C
  0
DICTIONARY
  5
D
102
{ACAD_REACTORS
330
C
102
}
330
C
100
AcDbDictionary
281
     1
  0
DICTIONARY
  5
1A
102
{ACAD_REACTORS
330
C
102
}
330
C
100
AcDbDictionary
281
     1
  3
Model
350
22
  3
Лист1
350
D3
  3
Лист2
350
D7
  0
DICTIONARY
  5
6A
102
{ACAD_REACTORS
330
C
102
}
330
C
100
AcDbDictionary
281
     1
  3
ByBlock
350
ED
  3
ByLayer
350
EC
  3
Global
350
EE
  0
DICTIONARY
  5
12D
102
{ACAD_REACTORS
330
C
102
}
330
C
100
AcDbDictionary
281
     1
  3
Standard
350
12E
  3
Аннотативный
350
13B
  0
DICTIONARY
  5
17
102
{ACAD_REACTORS
330
C
102
}
330
C
100
AcDbDictionary
281
     1
  3
Standard
350
18
  0
DICTIONARY
  5
19
102
{ACAD_REACTORS
330
C
102
}
330
C
100
AcDbDictionary
281
     1
  0
ACDBDICTIONARYWDFLT
  5
E
102
{ACAD_REACTORS
330
C
102
}
330
C
100
AcDbDictionary
281
     1
  3
Normal
350
F
100
AcDbDictionaryWithDefault
340
F
  0
DICTIONARY
  5
10C
102
{ACAD_REACTORS
330
C
102
}
330
C
100
AcDbDictionary
281
     1
  3
A0
350
10D
  3
A1
350
1BE
  3
A2
350
1BF
  3
A3
350
1C0
  3
A4
350
1C1
  3
A5
350
1C2
  3
A6
350
1C3
  3
A7
350
1C4
  3
A8
350
1C5
  3
A9
350
1C6
  3
B0
350
1C7
  3
B1
350
1C8
  3
B2
350
1C9
  3
B3
350
1CA
  3
B4
350
1CB
  3
B5
350
1CC
  3
B6
350
1CD
  0
DICTIONARY
  5
219
102
{ACAD_REACTORS
330
C
102
}
330
C
100
AcDbDictionary
281
     1
  3
Metric50
350
21A
  0
DICTIONARY
  5
7E
102
{ACAD_REACTORS
330
C
102
}
330
C
100
AcDbDictionary
281
     1
  3
Standard
350
7F
  0
DICTIONARY
  5
EF
102
{ACAD_REACTORS
330
C
102
}
330
C
100
AcDbDictionary
281
     1
  3
2dWireframe
350
F5
  3
Basic
350
F4
  3
Brighten
350
FB
  3
ColorChange
350
FF
  3
Conceptual
350
F8
  3
Dim
350
FA
  3
EdgeColorOff
350
1E6
  3
Facepattern
350
FE
  3
Flat
350
F0
  3
FlatWithEdges
350
F1
  3
Gouraud
350
F2
  3
GouraudWithEdges
350
F3
  3
Hidden
350
F7
  3
JitterOff
350
1E4
  3
Linepattern
350
FD
  3
OverhangOff
350
1E5
  3
Realistic
350
F9
  3
Shaded
350
1F3
  3
Shaded with edges
350
1F2
  3
Shades of Gray
350
1EF
  3
Sketchy
350
1F0
  3
Thicken
350
FC
  3
Wireframe
350
F6
  3
X-Ray
350
1F1
  0
XRECORD
  5
137B
102
{ACAD_REACTORS
330
C
102
}
330
C
100
AcDbXrecord
280
     1
 90
        1
330
7F
  0
DICTIONARY
  5
5E
102
{ACAD_REACTORS
330
C
102
}
330
C
100
AcDbDictionary
281
     1
  3
CANNOSCALE
350
146
  3
CENTEREXE
350
259
  3
CENTERLTYPEFILE
350
25A
  3
CMLEADERSTYLE
350
145
  3
CTABLESTYLE
350
84
  3
CVIEWDETAILSTYLE
350
227
  3
CVIEWSECTIONSTYLE
350
228
  3
DIMASSOC
350
5F
  3
HIDETEXT
350
63
  3
LAYEREVAL
350
1AE
  3
LAYERNOTIFY
350
1AF
  0
DICTIONARY
  5
200
102
{ACAD_REACTORS
330
1FF
102
}
330
1FF
100
AcDbDictionary
281
     1
  0
SORTENTSTABLE
  5
134B
102
{ACAD_REACTORS
330
1CE
102
}
330
1CE
100
AcDbSortentsTable
330
1F
  0
ACDBDETAILVIEWSTYLE
  5
21C
102
{ACAD_REACTORS
330
21B
102
}
330
21B
100
AcDbModelDocViewStyle
 70
     0
  3
Metric50
290
     0
300
Metric50
 90
        0
100
AcDbDetailViewStyle
 70
     0
 71
     0
 90
        3
 71
     1
340
11
 62
   256
 40
5.0
340
0
 62
   256
 40
5.0
300

 40
0.0
280
     1
 71
     2
340
16
 90
       25
 62
   256
 71
     3
340
11
 62
   256
 40
5.0
 90
        0
 40
15.0
 90
        1
300
%<\AcVar ViewDetailId>% (%<\AcVar ViewScale \f "%sn">%)
 71
     4
340
16
 90
       25
 62
   256
340
16
 90
       25
 62
   256
280
     0
  0
LAYOUT
  5
22
102
{ACAD_XDICTIONARY
360
205
102
}
102
{ACAD_REACTORS
330
1A
102
}
330
1A
100
AcDbPlotSettings
  1

  2
none_device
  4
ISO_A4_(210.00_x_297.00_MM)
  6

 40
7.5
 41
20.0
 42
7.5
 43
20.0
 44
210.0
 45
297.0
 46
11.54999923706054
 47
-13.65000009536743
 48
0.0
 49
0.0
140
0.0
141
0.0
142
1.0
143
8.704084754739808
 70
 11952
 72
     1
 73
     0
 74
     0
  7

 75
     0
147
0.1148885871608098
 76
     0
 77
     2
 78
   300
148
0.0
149
0.0
100
AcDbLayout
  1
Model
 70
     1
 71
     0
 10
0.0
 20
0.0
 11
12.0
 21
9.0
 12
0.0
 22
0.0
 32
0.0
 14
0.0
 24
0.0
 34
0.0
 15
0.0
 25
0.0
 35
0.0
146
0.0
 13
0.0
 23
0.0
 33
0.0
 16
1.0
 26
0.0
 36
0.0
 17
0.0
 27
1.0
 37
0.0
 76
     0
330
1F
331
EA
1001
ACAD_PSEXT
1000
None
1000
None
1000
Not applicable
1000
The layout will not be plotted unless a new plotter configuration name is selected.
1070
     0
  0
LAYOUT
  5
D3
102
{ACAD_REACTORS
330
1A
102
}
330
1A
100
AcDbPlotSettings
  1

  2
C:\Documents and Settings\basas\Application Data\Autodesk\AutoCAD 2005\R16.1\enu\plotters\Default Windows System Printer.pc3
  4

  6

 40
0.0
 41
0.0
 42
0.0
 43
0.0
 44
0.0
 45
0.0
 46
0.0
 47
0.0
 48
0.0
 49
0.0
140
0.0
141
0.0
142
1.0
143
1.0
 70
   688
 72
     0
 73
     0
 74
     5
  7

 75
    16
147
1.0
 76
     0
 77
     2
 78
   300
148
0.0
149
0.0
100
AcDbLayout
  1
Лист1
 70
     1
 71
     1
 10
0.0
 20
0.0
 11
12.0
 21
9.0
 12
0.0
 22
0.0
 32
0.0
 14
0.0
 24
0.0
 34
0.0
 15
0.0
 25
0.0
 35
0.0
146
0.0
 13
0.0
 23
0.0
 33
0.0
 16
1.0
 26
0.0
 36
0.0
 17
0.0
 27
1.0
 37
0.0
 76
     0
330
D2
  0
LAYOUT
  5
D7
102
{ACAD_REACTORS
330
1A
102
}
330
1A
100
AcDbPlotSettings
  1

  2
C:\Documents and Settings\basas\Application Data\Autodesk\AutoCAD 2005\R16.1\enu\plotters\Default Windows System Printer.pc3
  4

  6

 40
0.0
 41
0.0
 42
0.0
 43
0.0
 44
0.0
 45
0.0
 46
0.0
 47
0.0
 48
0.0
 49
0.0
140
0.0
141
0.0
142
1.0
143
1.0
 70
   688
 72
     0
 73
     0
 74
     5
  7

 75
    16
147
1.0
 76
     0
 77
     2
 78
   300
148
0.0
149
0.0
100
AcDbLayout
  1
Лист2
 70
     1
 71
     2
 10
0.0
 20
0.0
 11
12.0
 21
9.0
 12
0.0
 22
0.0
 32
0.0
 14
0.0
 24
0.0
 34
0.0
 15
0.0
 25
0.0
 35
0.0
146
0.0
 13
0.0
 23
0.0
 33
0.0
 16
1.0
 26
0.0
 36
0.0
 17
0.0
 27
1.0
 37
0.0
 76
     0
330
D6
  0
MATERIAL
  5
ED
102
{ACAD_XDICTIONARY
360
1F9
102
}
102
{ACAD_REACTORS
330
6A
102
}
330
6A
100
AcDbMaterial
  1
ByBlock
 94
       63
  0
MATERIAL
  5
EC
102
{ACAD_XDICTIONARY
360
1F7
102
}
102
{ACAD_REACTORS
330
6A
102
}
330
6A
100
AcDbMaterial
  1
ByLayer
 94
       63
  0
MATERIAL
  5
EE
102
{ACAD_XDICTIONARY
360
173
102
}
102
{ACAD_REACTORS
330
6A
102
}
330
6A
100
AcDbMaterial
  1
Global
 43
0.0007999999797903
 43
0.0
 43
0.0
 43
0.0
 43
0.0
 43
0.0007999999797903
 43
0.0
 43
0.0
 43
0.0
 43
0.0
 43
1.0
 43
0.0
 43
0.0
 43
0.0
 43
0.0
 43
1.0
 49
0.0007999999797903
 49
0.0
 49
0.0
 49
0.0
 49
0.0
 49
0.0007999999797903
 49
0.0
 49
0.0
 49
0.0
 49
0.0
 49
1.0
 49
0.0
 49
0.0
 49
0.0
 49
0.0
 49
1.0
142
0.0007999999797903
142
0.0
142
0.0
142
0.0
142
0.0
142
0.0007999999797903
142
0.0
142
0.0
142
0.0
142
0.0
142
1.0
142
0.0
142
0.0
142
0.0
142
0.0
142
1.0
144
0.0007999999797903
144
0.0
144
0.0
144
0.0
144
0.0
144
0.0007999999797903
144
0.0
144
0.0
144
0.0
144
0.0
144
1.0
144
0.0
144
0.0
144
0.0
144
0.0
144
1.0
 94
       63
1001
ACAD
1070
    -1
1070
     3
1070
     0
1000

1071
        0
1070
     0
  0
MLEADERSTYLE
  5
12E
102
{ACAD_REACTORS
330
12D
102
}
330
12D
100
AcDbMLeaderStyle
179
     2
170
     2
171
     1
172
     0
 90
        2
 40
0.0
 41
0.0
173
     1
 91
-1056964608
340
14
 92
       -2
290
     1
 42
2.0
291
     1
 43
8.0
  3
Standard
 44
4.0
300

342
11
174
     1
178
     1
175
     1
176
     0
 93
-1056964608
 45
4.0
292
     0
297
     0
 46
4.0
 94
-1056964608
 47
1.0
 49
1.0
140
1.0
293
     1
141
0.0
294
     1
177
     0
142
1.0
295
     0
296
     0
143
3.75
271
     0
272
     9
273
     9
298
     0
  0
MLEADERSTYLE
  5
13B
102
{ACAD_REACTORS
330
12D
102
}
330
12D
100
AcDbMLeaderStyle
179
     2
170
     2
171
     1
172
     0
 90
        2
 40
0.0
 41
0.0
173
     1
 91
-1056964608
340
14
 92
       -2
290
     1
 42
2.0
291
     1
 43
8.0
  3
Standard
 44
4.0
300

342
11
174
     1
178
     1
175
     1
176
     0
 93
-1056964608
 45
4.0
292
     0
297
     0
 46
4.0
 94
-1056964608
 47
1.0
 49
1.0
140
1.0
293
     1
141
0.0
294
     1
177
     0
142
1.0
295
     0
296
     1
143
3.75
271
     0
272
     9
273
     9
298
     0
  0
MLINESTYLE
  5
18
102
{ACAD_REACTORS
330
17
102
}
330
17
100
AcDbMlineStyle
  2
STANDARD
 70
     0
  3

 62
   256
 51
90.0
 52
90.0
 71
     2
 49
0.5
 62
   256
  6
BYLAYER
 49
-0.5
 62
   256
  6
BYLAYER
  0
ACDBPLACEHOLDER
  5
F
102
{ACAD_REACTORS
330
E
102
}
330
E
  0
SCALE
  5
10D
102
{ACAD_REACTORS
330
10C
102
}
330
10C
100
AcDbScale
 70
     0
300
1:1
140
1.0
141
1.0
290
     1
  0
SCALE
  5
1BE
102
{ACAD_REACTORS
330
10C
102
}
330
10C
100
AcDbScale
 70
     0
300
1:2
140
1.0
141
2.0
290
     0
  0
SCALE
  5
1BF
102
{ACAD_REACTORS
330
10C
102
}
330
10C
100
AcDbScale
 70
     0
300
1:4
140
1.0
141
4.0
290
     0
  0
SCALE
  5
1C0
102
{ACAD_REACTORS
330
10C
102
}
330
10C
100
AcDbScale
 70
     0
300
1:5
140
1.0
141
5.0
290
     0
  0
SCALE
  5
1C1
102
{ACAD_REACTORS
330
10C
102
}
330
10C
100
AcDbScale
 70
     0
300
1:8
140
1.0
141
8.0
290
     0
  0
SCALE
  5
1C2
102
{ACAD_REACTORS
330
10C
102
}
330
10C
100
AcDbScale
 70
     0
300
1:10
140
1.0
141
10.0
290
     0
  0
SCALE
  5
1C3
102
{ACAD_REACTORS
330
10C
102
}
330
10C
100
AcDbScale
 70
     0
300
1:16
140
1.0
141
16.0
290
     0
  0
SCALE
  5
1C4
102
{ACAD_REACTORS
330
10C
102
}
330
10C
100
AcDbScale
 70
     0
300
1:20
140
1.0
141
20.0
290
     0
  0
SCALE
  5
1C5
102
{ACAD_REACTORS
330
10C
102
}
330
10C
100
AcDbScale
 70
     0
300
1:30
140
1.0
141
30.0
290
     0
  0
SCALE
  5
1C6
102
{ACAD_REACTORS
330
10C
102
}
330
10C
100
AcDbScale
 70
     0
300
1:40
140
1.0
141
40.0
290
     0
  0
SCALE
  5
1C7
102
{ACAD_REACTORS
330
10C
102
}
330
10C
100
AcDbScale
 70
     0
300
1:50
140
1.0
141
50.0
290
     0
  0
SCALE
  5
1C8
102
{ACAD_REACTORS
330
10C
102
}
330
10C
100
AcDbScale
 70
     0
300
1:100
140
1.0
141
100.0
290
     0
  0
SCALE
  5
1C9
102
{ACAD_REACTORS
330
10C
102
}
330
10C
100
AcDbScale
 70
     0
300
2:1
140
2.0
141
1.0
290
     0
  0
SCALE
  5
1CA
102
{ACAD_REACTORS
330
10C
102
}
330
10C
100
AcDbScale
 70
     0
300
4:1
140
4.0
141
1.0
290
     0
  0
SCALE
  5
1CB
102
{ACAD_REACTORS
330
10C
102
}
330
10C
100
AcDbScale
 70
     0
300
8:1
140
8.0
141
1.0
290
     0
  0
SCALE
  5
1CC
102
{ACAD_REACTORS
330
10C
102
}
330
10C
100
AcDbScale
 70
     0
300
10:1
140
10.0
141
1.0
290
     0
  0
SCALE
  5
1CD
102
{ACAD_REACTORS
330
10C
102
}
330
10C
100
AcDbScale
 70
     0
300
100:1
140
100.0
141
1.0
290
     0
  0
ACDBSECTIONVIEWSTYLE
  5
21A
102
{ACAD_REACTORS
330
219
102
}
330
219
100
AcDbModelDocViewStyle
 70
     0
  3
Metric50
290
     0
300
Metric50
 90
        0
100
AcDbSectionViewStyle
 70
     0
 71
     0
 90
      102
 71
     1
340
11
 62
   256
 40
5.0
340
0
340
0
 62
   256
 40
5.0
300
I, O, Q, S, X, Z
 40
10.0
 90
        0
 40
2.5
 90
        0
 71
     2
340
16
 90
       25
 62
   256
340
16
 90
       50
 62
   256
 40
5.0
 40
2.5
 40
5.0
 71
     3
340
11
 62
   256
 40
5.0
 90
        0
 40
15.0
 90
        1
300
%<\AcVar ViewSectionStartId>%-%<\AcVar ViewSectionEndId>% (%<\AcVar ViewScale \f "%sn">%)
 71
     4
 62
   256
 62
   257
300
ANSI31
 40
1.0
 90
        0
290
     0
290
     0
 90
        6
 40
0.0
 40
1.570796326794896
 40
0.2617993877991494
 40
1.308996938995747
 40
-0.2617993877991494
 40
1.832595714594045
  0
TABLESTYLE
  5
7F
102
{ACAD_XDICTIONARY
360
162
102
}
102
{ACAD_REACTORS
330
7E
102
}
330
7E
100
AcDbTableStyle
280
     0
  3
Standard
 70
     0
 71
     0
 40
1.5
 41
1.5
280
     0
281
     0
  7
Standard
140
4.5
170
     2
 62
     0
 63
     7
283
     0
 90
      512
 91
        0
  1

274
    -2
284
     1
 64
     0
275
    -2
285
     1
 65
     0
276
    -2
286
     1
 66
     0
277
    -2
287
     1
 67
     0
278
    -2
288
     1
 68
     0
279
    -2
289
     1
 69
     0
  7
Standard
140
6.0
170
     5
 62
     0
 63
     7
283
     0
 90
      512
 91
        0
  1

274
    -2
284
     1
 64
     0
275
    -2
285
     1
 65
     0
276
    -2
286
     1
 66
     0
277
    -2
287
     1
 67
     0
278
    -2
288
     1
 68
     0
279
    -2
289
     1
 69
     0
  7
Standard
140
4.5
170
     5
 62
     0
 63
     7
283
     0
 90
      512
 91
        0
  1

274
    -2
284
     1
 64
     0
275
    -2
285
     1
 65
     0
276
    -2
286
     1
 66
     0
277
    -2
287
     1
 67
     0
278
    -2
288
     1
 68
     0
279
    -2
289
     1
 69
     0
  0
VISUALSTYLE
  5
F5
102
{ACAD_REACTORS
330
EF
102
}
330
EF
100
AcDbVisualStyle
  2
2dWireframe
 70
     4
177
     3
291
     0
 70
    58
 90
        0
176
     1
 90
        2
176
     1
 90
        1
176
     1
 90
        0
176
     1
 40
0.6
176
     1
 40
30.0
176
     1
 62
     7
420
 16777215
176
     1
 90
        1
176
     1
 90
        4
176
     1
 62
     7
176
     1
 62
   257
176
     1
 90
        1
176
     1
 90
        1
176
     1
 40
1.0
176
     1
 90
        0
176
     1
 62
   257
176
     1
 40
1.0
176
     1
 90
        1
176
     1
 90
        6
176
     1
 90
        2
176
     1
 62
     7
176
     1
 90
        5
176
     1
 90
        0
176
     1
 90
        0
176
     1
290
     0
176
     1
 90
        1
176
     1
 40
0.0
176
     1
 90
        0
176
     1
290
     1
176
     1
290
     1
176
     1
290
     0
176
     1
290
     0
176
     1
290
     0
176
     1
290
     0
176
     1
290
     0
176
     1
290
     0
176
     1
290
     0
176
     1
 90
       50
176
     1
 40
0.0
176
     1
 40
1.0
176
     1
 90
        0
176
     1
 62
    18
176
     1
 90
       50
176
     1
 90
        3
176
     1
 62
     5
420
      255
176
     1
290
     0
176
     1
 90
       50
176
     1
 90
       50
176
     1
 90
       50
176
     1
290
     0
176
     1
 90
       50
176
     1
 62
   256
176
     0
 40
1.0
176
     0
 90
        2
176
     1
  1
strokes_ogs.tif
176
     1
290
     0
176
     1
 40
1.0
176
     1
 40
1.0
176
     1
  0
VISUALSTYLE
  5
F4
102
{ACAD_REACTORS
330
EF
102
}
330
EF
100
AcDbVisualStyle
  2
Basic
 70
     7
177
     3
291
     1
 70
    58
 90
        1
176
     1
 90
        0
176
     1
 90
        1
176
     1
 90
        0
176
     1
 40
0.6
176
     1
 40
30.0
176
     1
 62
     7
420
 16777215
176
     1
 90
        0
176
     1
 90
        4
176
     1
 62
     7
176
     1
 62
   257
176
     1
 90
        1
176
     1
 90
        1
176
     1
 40
1.0
176
     1
 90
        8
176
     1
 62
     7
176
     1
 40
1.0
176
     1
 90
        1
176
     1
 90
        6
176
     1
 90
        2
176
     1
 62
     7
176
     1
 90
        5
176
     1
 90
        0
176
     1
 90
        0
176
     1
290
     0
176
     1
 90
        1
176
     1
 40
0.0
176
     1
 90
        0
176
     1
290
     0
176
     1
290
     1
176
     1
290
     1
176
     1
290
     0
176
     1
290
     0
176
     1
290
     0
176
     1
290
     0
176
     1
290
     0
176
     1
290
     0
176
     1
 90
       50
176
     1
 40
0.0
176
     1
 40
1.0
176
     1
 90
        0
176
     1
 62
    18
176
     1
 90
       50
176
     1
 90
        3
176
     1
 62
     5
420
      255
176
     1
290
     0
176
     1
 90
       50
176
     1
 90
       50
176
     1
 90
       50
176
     1
290
     0
176
     1
 90
       50
176
     1
 62
   256
176
     0
 40
1.0
176
     0
 90
        2
176
     1
  1
strokes_ogs.tif
176
     1
290
     0
176
     1
 40
1.0
176
     1
 40
1.0
176
     1
  0
VISUALSTYLE
  5
FB
102
{ACAD_REACTORS
330
EF
102
}
330
EF
100
AcDbVisualStyle
  2
Brighten
 70
    12
177
     3
291
     1
 70
    58
 90
        2
176
     1
 90
        2
176
     1
 90
        1
176
     1
 90
        0
176
     1
 40
0.6
176
     1
 40
30.0
176
     1
 62
     7
420
 16777215
176
     1
 90
        1
176
     1
 90
        4
176
     1
 62
     7
176
     1
 62
   257
176
     1
 90
        1
176
     1
 90
        1
176
     1
 40
1.0
176
     1
 90
        8
176
     1
 62
     7
176
     1
 40
1.0
176
     1
 90
        1
176
     1
 90
        6
176
     1
 90
        2
176
     1
 62
     7
176
     1
 90
        5
176
     1
 90
        0
176
     1
 90
        0
176
     1
290
     0
176
     1
 90
        1
176
     1
 40
50.0
176
     1
 90
        0
176
     1
290
     0
176
     1
290
     1
176
     1
290
     1
176
     1
290
     0
176
     1
290
     0
176
     1
290
     0
176
     1
290
     0
176
     1
290
     0
176
     1
290
     0
176
     1
 90
       50
176
     1
 40
0.0
176
     1
 40
1.0
176
     1
 90
        0
176
     1
 62
    18
176
     1
 90
       50
176
     1
 90
        3
176
     1
 62
     5
420
      255
176
     1
290
     0
176
     1
 90
       50
176
     1
 90
       50
176
     1
 90
       50
176
     1
290
     0
176
     1
 90
       50
176
     1
 62
   256
176
     0
 40
1.0
176
     0
 90
        2
176
     1
  1
strokes_ogs.tif
176
     1
290
     0
176
     1
 40
1.0
176
     1
 40
1.0
176
     1
  0
VISUALSTYLE
  5
FF
102
{ACAD_REACTORS
330
EF
102
}
330
EF
100
AcDbVisualStyle
  2
ColorChange
 70
    16
177
     3
291
     1
 70
    58
 90
        2
176
     1
 90
        2
176
     1
 90
        3
176
     1
 90
        0
176
     1
 40
0.6
176
     1
 40
30.0
176
     1
 62
     8
420
  8421504
176
     1
 90
        1
176
     1
 90
        4
176
     1
 62
     7
176
     1
 62
   257
176
     1
 90
        1
176
     1
 90
        1
176
     1
 40
1.0
176
     1
 90
        8
176
     1
 62
     8
420
  8421504
176
     1
 40
1.0
176
     1
 90
        1
176
     1
 90
        6
176
     1
 90
        2
176
     1
 62
     7
176
     1
 90
        5
176
     1
 90
        0
176
     1
 90
        0
176
     1
290
     0
176
     1
 90
        1
176
     1
 40
0.0
176
     1
 90
        0
176
     1
290
     0
176
     1
290
     1
176
     1
290
     1
176
     1
290
     0
176
     1
290
     0
176
     1
290
     0
176
     1
290
     0
176
     1
290
     0
176
     1
290
     0
176
     1
 90
       50
176
     1
 40
0.0
176
     1
 40
1.0
176
     1
 90
        0
176
     1
 62
    18
176
     1
 90
       50
176
     1
 90
        3
176
     1
 62
     5
420
      255
176
     1
290
     0
176
     1
 90
       50
176
     1
 90
       50
176
     1
 90
       50
176
     1
290
     0
176
     1
 90
       50
176
     1
 62
   256
176
     0
 40
1.0
176
     0
 90
        2
176
     1
  1
strokes_ogs.tif
176
     1
290
     0
176
     1
 40
1.0
176
     1
 40
1.0
176
     1
  0
VISUALSTYLE
  5
F8
102
{ACAD_REACTORS
330
EF
102
}
330
EF
100
AcDbVisualStyle
  2
Conceptual
 70
     9
177
     3
291
     0
 70
    58
 90
        3
176
     1
 90
        2
176
     1
 90
        1
176
     1
 90
        0
176
     1
 40
0.6
176
     1
 40
30.0
176
     1
 62
     7
420
 16777215
176
     1
 90
        2
176
     1
 90
        2
176
     1
 62
     7
176
     1
 62
   257
176
     1
 90
        1
176
     1
 90
        1
176
     1
 40
40.0
176
     1
 90
        8
176
     1
 62
     7
176
     1
 40
1.0
176
     1
 90
        1
176
     1
 90
        6
176
     1
 90
        2
176
     1
 62
     7
176
     1
 90
        3
176
     1
 90
        0
176
     1
 90
        0
176
     1
290
     0
176
     1
 90
        1
176
     1
 40
0.0
176
     1
 90
        0
176
     1
290
     0
176
     1
290
     1
176
     1
290
     1
176
     1
290
     0
176
     1
290
     0
176
     1
290
     0
176
     1
290
     0
176
     1
290
     0
176
     1
290
     0
176
     1
 90
       50
176
     1
 40
0.0
176
     1
 40
1.0
176
     1
 90
        0
176
     1
 62
    18
176
     1
 90
       50
176
     1
 90
        3
176
     1
 62
     5
420
      255
176
     1
290
     0
176
     1
 90
       50
176
     1
 90
       50
176
     1
 90
       50
176
     1
290
     0
176
     1
 90
       50
176
     1
 62
   256
176
     0
 40
1.0
176
     0
 90
        2
176
     1
  1
strokes_ogs.tif
176
     1
290
     0
176
     1
 40
1.0
176
     1
 40
1.0
176
     1
  0
VISUALSTYLE
  5
FA
102
{ACAD_REACTORS
330
EF
102
}
330
EF
100
AcDbVisualStyle
  2
Dim
 70
    11
177
     3
291
     1
 70
    58
 90
        2
176
     1
 90
        2
176
     1
 90
        1
176
     1
 90
        0
176
     1
 40
0.6
176
     1
 40
30.0
176
     1
 62
     7
420
 16777215
176
     1
 90
        1
176
     1
 90
        4
176
     1
 62
     7
176
     1
 62
   257
176
     1
 90
        1
176
     1
 90
        1
176
     1
 40
1.0
176
     1
 90
        8
176
     1
 62
     7
176
     1
 40
1.0
176
     1
 90
        1
176
     1
 90
        6
176
     1
 90
        2
176
     1
 62
     7
176
     1
 90
        5
176
     1
 90
        0
176
     1
 90
        0
176
     1
290
     0
176
     1
 90
        1
176
     1
 40
-50.0
176
     1
 90
        0
176
     1
290
     0
176
     1
290
     1
176
     1
290
     1
176
     1
290
     0
176
     1
290
     0
176
     1
290
     0
176
     1
290
     0
176
     1
290
     0
176
     1
290
     0
176
     1
 90
       50
176
     1
 40
0.0
176
     1
 40
1.0
176
     1
 90
        0
176
     1
 62
    18
176
     1
 90
       50
176
     1
 90
        3
176
     1
 62
     5
420
      255
176
     1
290
     0
176
     1
 90
       50
176
     1
 90
       50
176
     1
 90
       50
176
     1
290
     0
176
     1
 90
       50
176
     1
 62
   256
176
     0
 40
1.0
176
     0
 90
        2
176
     1
  1
strokes_ogs.tif
176
     1
290
     0
176
     1
 40
1.0
176
     1
 40
1.0
176
     1
  0
VISUALSTYLE
  5
1E6
102
{ACAD_REACTORS
330
EF
102
}
330
EF
100
AcDbVisualStyle
  2
EdgeColorOff
 70
    22
177
     3
291
     1
 70
    58
 90
        2
176
     0
 90
        2
176
     0
 90
        0
176
     0
 90
        0
176
     0
 40
0.6
176
     0
 40
30.0
176
     0
 62
     7
420
 16777215
176
     0
 90
        1
176
     0
 90
        4
176
     0
 62
     7
176
     0
 62
   257
176
     0
 90
        1
176
     0
 90
        1
176
     0
 40
1.0
176
     0
 90
        8
176
     2
 62
     7
176
     0
 40
1.0
176
     0
 90
        1
176
     0
 90
        6
176
     0
 90
        2
176
     0
 62
     7
176
     0
 90
        5
176
     0
 90
        0
176
     0
 90
        0
176
     0
290
     0
176
     0
 90
        1
176
     0
 40
0.0
176
     0
 90
        0
176
     0
290
     0
176
     1
290
     1
176
     1
290
     1
176
     1
290
     0
176
     1
290
     0
176
     1
290
     0
176
     1
290
     0
176
     1
290
     0
176
     1
290
     0
176
     1
 90
       50
176
     1
 40
0.0
176
     1
 40
1.0
176
     1
 90
        0
176
     1
 62
    18
176
     1
 90
       50
176
     1
 90
        3
176
     1
 62
     5
420
      255
176
     1
290
     0
176
     1
 90
       50
176
     1
 90
       50
176
     1
 90
       50
176
     1
290
     0
176
     1
 90
       50
176
     1
 62
   256
176
     0
 40
1.0
176
     0
 90
        2
176
     1
  1
strokes_ogs.tif
176
     1
290
     0
176
     1
 40
1.0
176
     1
 40
1.0
176
     1
  0
VISUALSTYLE
  5
FE
102
{ACAD_REACTORS
330
EF
102
}
330
EF
100
AcDbVisualStyle
  2
Facepattern
 70
    15
177
     3
291
     1
 70
    58
 90
        2
176
     1
 90
        2
176
     1
 90
        1
176
     1
 90
        0
176
     1
 40
0.6
176
     1
 40
30.0
176
     1
 62
     7
420
 16777215
176
     1
 90
        1
176
     1
 90
        4
176
     1
 62
     7
176
     1
 62
   257
176
     1
 90
        1
176
     1
 90
        1
176
     1
 40
1.0
176
     1
 90
        8
176
     1
 62
     7
176
     1
 40
1.0
176
     1
 90
        1
176
     1
 90
        6
176
     1
 90
        2
176
     1
 62
     7
176
     1
 90
        5
176
     1
 90
        0
176
     1
 90
        0
176
     1
290
     0
176
     1
 90
        1
176
     1
 40
0.0
176
     1
 90
        0
176
     1
290
     0
176
     1
290
     1
176
     1
290
     1
176
     1
290
     0
176
     1
290
     0
176
     1
290
     0
176
     1
290
     0
176
     1
290
     0
176
     1
290
     0
176
     1
 90
       50
176
     1
 40
0.0
176
     1
 40
1.0
176
     1
 90
        0
176
     1
 62
    18
176
     1
 90
       50
176
     1
 90
        3
176
     1
 62
     5
420
      255
176
     1
290
     0
176
     1
 90
       50
176
     1
 90
       50
176
     1
 90
       50
176
     1
290
     0
176
     1
 90
       50
176
     1
 62
   256
176
     0
 40
1.0
176
     0
 90
        2
176
     1
  1
strokes_ogs.tif
176
     1
290
     0
176
     1
 40
1.0
176
     1
 40
1.0
176
     1
  0
VISUALSTYLE
  5
F0
102
{ACAD_REACTORS
330
EF
102
}
330
EF
100
AcDbVisualStyle
  2
Flat
 70
     0
177
     3
291
     1
 70
    58
 90
        2
176
     1
 90
        1
176
     1
 90
        1
176
     1
 90
        2
176
     1
 40
0.6
176
     1
 40
30.0
176
     1
 62
     7
420
 16777215
176
     1
 90
        0
176
     1
 90
        0
176
     1
 62
     7
176
     1
 62
   257
176
     1
 90
        1
176
     1
 90
        1
176
     1
 40
1.0
176
     1
 90
        8
176
     1
 62
     7
176
     1
 40
1.0
176
     1
 90
        1
176
     1
 90
        6
176
     1
 90
        2
176
     1
 62
     7
176
     1
 90
        5
176
     1
 90
        0
176
     1
 90
        0
176
     1
290
     0
176
     1
 90
       13
176
     1
 40
0.0
176
     1
 90
        0
176
     1
290
     0
176
     1
290
     1
176
     1
290
     1
176
     1
290
     0
176
     1
290
     0
176
     1
290
     0
176
     1
290
     0
176
     1
290
     0
176
     1
290
     0
176
     1
 90
       50
176
     1
 40
0.0
176
     1
 40
1.0
176
     1
 90
        0
176
     1
 62
    18
176
     1
 90
       50
176
     1
 90
        3
176
     1
 62
     5
420
      255
176
     1
290
     0
176
     1
 90
       50
176
     1
 90
       50
176
     1
 90
       50
176
     1
290
     0
176
     1
 90
       50
176
     1
 62
   256
176
     0
 40
1.0
176
     0
 90
        2
176
     1
  1
strokes_ogs.tif
176
     1
290
     0
176
     1
 40
1.0
176
     1
 40
1.0
176
     1
  0
VISUALSTYLE
  5
F1
102
{ACAD_REACTORS
330
EF
102
}
330
EF
100
AcDbVisualStyle
  2
FlatWithEdges
 70
     1
177
     3
291
     1
 70
    58
 90
        2
176
     1
 90
        1
176
     1
 90
        1
176
     1
 90
        2
176
     1
 40
0.6
176
     1
 40
30.0
176
     1
 62
     7
420
 16777215
176
     1
 90
        1
176
     1
 90
        0
176
     1
 62
     7
176
     1
 62
   257
176
     1
 90
        1
176
     1
 90
        1
176
     1
 40
1.0
176
     1
 90
        0
176
     1
 62
   257
176
     1
 40
1.0
176
     1
 90
        1
176
     1
 90
        6
176
     1
 90
        2
176
     1
 62
     7
176
     1
 90
        5
176
     1
 90
        0
176
     1
 90
        0
176
     1
290
     0
176
     1
 90
       13
176
     1
 40
0.0
176
     1
 90
        0
176
     1
290
     0
176
     1
290
     1
176
     1
290
     1
176
     1
290
     0
176
     1
290
     0
176
     1
290
     0
176
     1
290
     0
176
     1
290
     0
176
     1
290
     0
176
     1
 90
       50
176
     1
 40
0.0
176
     1
 40
1.0
176
     1
 90
        0
176
     1
 62
    18
176
     1
 90
       50
176
     1
 90
        3
176
     1
 62
     5
420
      255
176
     1
290
     0
176
     1
 90
       50
176
     1
 90
       50
176
     1
 90
       50
176
     1
290
     0
176
     1
 90
       50
176
     1
 62
   256
176
     0
 40
1.0
176
     0
 90
        2
176
     1
  1
strokes_ogs.tif
176
     1
290
     0
176
     1
 40
1.0
176
     1
 40
1.0
176
     1
  0
VISUALSTYLE
  5
F2
102
{ACAD_REACTORS
330
EF
102
}
330
EF
100
AcDbVisualStyle
  2
Gouraud
 70
     2
177
     3
291
     1
 70
    58
 90
        2
176
     1
 90
        2
176
     1
 90
        1
176
     1
 90
        2
176
     1
 40
0.6
176
     1
 40
30.0
176
     1
 62
     7
420
 16777215
176
     1
 90
        0
176
     1
 90
        0
176
     1
 62
     7
176
     1
 62
   257
176
     1
 90
        1
176
     1
 90
        1
176
     1
 40
1.0
176
     1
 90
        0
176
     1
 62
     7
176
     1
 40
1.0
176
     1
 90
        1
176
     1
 90
        6
176
     1
 90
        2
176
     1
 62
     7
176
     1
 90
        5
176
     1
 90
        0
176
     1
 90
        0
176
     1
290
     0
176
     1
 90
       13
176
     1
 40
0.0
176
     1
 90
        0
176
     1
290
     0
176
     1
290
     1
176
     1
290
     1
176
     1
290
     0
176
     1
290
     0
176
     1
290
     0
176
     1
290
     0
176
     1
290
     0
176
     1
290
     0
176
     1
 90
       50
176
     1
 40
0.0
176
     1
 40
1.0
176
     1
 90
        0
176
     1
 62
    18
176
     1
 90
       50
176
     1
 90
        3
176
     1
 62
     5
420
      255
176
     1
290
     0
176
     1
 90
       50
176
     1
 90
       50
176
     1
 90
       50
176
     1
290
     0
176
     1
 90
       50
176
     1
 62
   256
176
     0
 40
1.0
176
     0
 90
        2
176
     1
  1
strokes_ogs.tif
176
     1
290
     0
176
     1
 40
1.0
176
     1
 40
1.0
176
     1
  0
VISUALSTYLE
  5
F3
102
{ACAD_REACTORS
330
EF
102
}
330
EF
100
AcDbVisualStyle
  2
GouraudWithEdges
 70
     3
177
     3
291
     1
 70
    58
 90
        2
176
     1
 90
        2
176
     1
 90
        1
176
     1
 90
        2
176
     1
 40
0.6
176
     1
 40
30.0
176
     1
 62
     7
420
 16777215
176
     1
 90
        1
176
     1
 90
        0
176
     1
 62
     7
176
     1
 62
   257
176
     1
 90
        1
176
     1
 90
        1
176
     1
 40
1.0
176
     1
 90
        0
176
     1
 62
   257
176
     1
 40
1.0
176
     1
 90
        1
176
     1
 90
        6
176
     1
 90
        2
176
     1
 62
     7
176
     1
 90
        5
176
     1
 90
        0
176
     1
 90
        0
176
     1
290
     0
176
     1
 90
       13
176
     1
 40
0.0
176
     1
 90
        0
176
     1
290
     0
176
     1
290
     1
176
     1
290
     1
176
     1
290
     0
176
     1
290
     0
176
     1
290
     0
176
     1
290
     0
176
     1
290
     0
176
     1
290
     0
176
     1
 90
       50
176
     1
 40
0.0
176
     1
 40
1.0
176
     1
 90
        0
176
     1
 62
    18
176
     1
 90
       50
176
     1
 90
        3
176
     1
 62
     5
420
      255
176
     1
290
     0
176
     1
 90
       50
176
     1
 90
       50
176
     1
 90
       50
176
     1
290
     0
176
     1
 90
       50
176
     1
 62
   256
176
     0
 40
1.0
176
     0
 90
        2
176
     1
  1
strokes_ogs.tif
176
     1
290
     0
176
     1
 40
1.0
176
     1
 40
1.0
176
     1
  0
VISUALSTYLE
  5
F7
102
{ACAD_REACTORS
330
EF
102
}
330
EF
100
AcDbVisualStyle
  2
Hidden
 70
     6
177
     3
291
     0
 70
    58
 90
        1
176
     1
 90
        2
176
     1
 90
        2
176
     1
 90
        0
176
     1
 40
0.6
176
     1
 40
30.0
176
     1
 62
     7
420
 16777215
176
     1
 90
        2
176
     1
 90
        2
176
     1
 62
     7
176
     1
 62
   257
176
     1
 90
        2
176
     1
 90
        1
176
     1
 40
40.0
176
     1
 90
        0
176
     1
 62
   257
176
     1
 40
1.0
176
     1
 90
        1
176
     1
 90
        6
176
     1
 90
        2
176
     1
 62
     7
176
     1
 90
        3
176
     1
 90
        0
176
     1
 90
        0
176
     1
290
     0
176
     1
 90
        1
176
     1
 40
0.0
176
     1
 90
        0
176
     1
290
     0
176
     1
290
     1
176
     1
290
     1
176
     1
290
     0
176
     1
290
     0
176
     1
290
     0
176
     1
290
     0
176
     1
290
     0
176
     1
290
     0
176
     1
 90
       50
176
     1
 40
0.0
176
     1
 40
1.0
176
     1
 90
        0
176
     1
 62
    18
176
     1
 90
       50
176
     1
 90
        3
176
     1
 62
     5
420
      255
176
     1
290
     0
176
     1
 90
       50
176
     1
 90
       50
176
     1
 90
       50
176
     1
290
     0
176
     1
 90
       50
176
     1
 62
   256
176
     0
 40
1.0
176
     0
 90
        2
176
     1
  1
strokes_ogs.tif
176
     1
290
     0
176
     1
 40
1.0
176
     1
 40
1.0
176
     1
  0
VISUALSTYLE
  5
1E4
102
{ACAD_REACTORS
330
EF
102
}
330
EF
100
AcDbVisualStyle
  2
JitterOff
 70
    20
177
     3
291
     1
 70
    58
 90
        2
176
     0
 90
        2
176
     0
 90
        0
176
     0
 90
        0
176
     0
 40
0.6
176
     0
 40
30.0
176
     0
 62
     7
420
 16777215
176
     0
 90
        1
176
     0
 90
        4
176
     0
 62
     7
176
     0
 62
   257
176
     0
 90
        1
176
     0
 90
        1
176
     0
 40
1.0
176
     0
 90
       10
176
     2
 62
     7
176
     0
 40
1.0
176
     0
 90
        1
176
     0
 90
        6
176
     0
 90
        2
176
     0
 62
     7
176
     0
 90
        5
176
     0
 90
        0
176
     0
 90
        0
176
     0
290
     0
176
     0
 90
        1
176
     0
 40
0.0
176
     0
 90
        0
176
     0
290
     0
176
     1
290
     1
176
     1
290
     1
176
     1
290
     0
176
     1
290
     0
176
     1
290
     0
176
     1
290
     0
176
     1
290
     0
176
     1
290
     0
176
     1
 90
       50
176
     1
 40
0.0
176
     1
 40
1.0
176
     1
 90
        0
176
     1
 62
    18
176
     1
 90
       50
176
     1
 90
        3
176
     1
 62
     5
420
      255
176
     1
290
     0
176
     1
 90
       50
176
     1
 90
       50
176
     1
 90
       50
176
     1
290
     0
176
     1
 90
       50
176
     1
 62
   256
176
     0
 40
1.0
176
     0
 90
        2
176
     1
  1
strokes_ogs.tif
176
     1
290
     0
176
     1
 40
1.0
176
     1
 40
1.0
176
     1
  0
VISUALSTYLE
  5
FD
102
{ACAD_REACTORS
330
EF
102
}
330
EF
100
AcDbVisualStyle
  2
Linepattern
 70
    14
177
     3
291
     1
 70
    58
 90
        2
176
     1
 90
        2
176
     1
 90
        1
176
     1
 90
        0
176
     1
 40
0.6
176
     1
 40
30.0
176
     1
 62
     7
420
 16777215
176
     1
 90
        1
176
     1
 90
        4
176
     1
 62
     7
176
     1
 62
   257
176
     1
 90
        7
176
     1
 90
        7
176
     1
 40
1.0
176
     1
 90
        8
176
     1
 62
     7
176
     1
 40
1.0
176
     1
 90
        1
176
     1
 90
        6
176
     1
 90
        2
176
     1
 62
     7
176
     1
 90
        5
176
     1
 90
        0
176
     1
 90
        0
176
     1
290
     0
176
     1
 90
        1
176
     1
 40
0.0
176
     1
 90
        0
176
     1
290
     0
176
     1
290
     1
176
     1
290
     1
176
     1
290
     0
176
     1
290
     0
176
     1
290
     0
176
     1
290
     0
176
     1
290
     0
176
     1
290
     0
176
     1
 90
       50
176
     1
 40
0.0
176
     1
 40
1.0
176
     1
 90
        0
176
     1
 62
    18
176
     1
 90
       50
176
     1
 90
        3
176
     1
 62
     5
420
      255
176
     1
290
     0
176
     1
 90
       50
176
     1
 90
       50
176
     1
 90
       50
176
     1
290
     0
176
     1
 90
       50
176
     1
 62
   256
176
     0
 40
1.0
176
     0
 90
        2
176
     1
  1
strokes_ogs.tif
176
     1
290
     0
176
     1
 40
1.0
176
     1
 40
1.0
176
     1
  0
VISUALSTYLE
  5
1E5
102
{ACAD_REACTORS
330
EF
102
}
330
EF
100
AcDbVisualStyle
  2
OverhangOff
 70
    21
177
     3
291
     1
 70
    58
 90
        2
176
     0
 90
        2
176
     0
 90
        0
176
     0
 90
        0
176
     0
 40
0.6
176
     0
 40
30.0
176
     0
 62
     7
420
 16777215
176
     0
 90
        1
176
     0
 90
        4
176
     0
 62
     7
176
     0
 62
   257
176
     0
 90
        1
176
     0
 90
        1
176
     0
 40
1.0
176
     0
 90
        9
176
     2
 62
     7
176
     0
 40
1.0
176
     0
 90
        1
176
     0
 90
        6
176
     0
 90
        2
176
     0
 62
     7
176
     0
 90
        5
176
     0
 90
        0
176
     0
 90
        0
176
     0
290
     0
176
     0
 90
        1
176
     0
 40
0.0
176
     0
 90
        0
176
     0
290
     0
176
     1
290
     1
176
     1
290
     1
176
     1
290
     0
176
     1
290
     0
176
     1
290
     0
176
     1
290
     0
176
     1
290
     0
176
     1
290
     0
176
     1
 90
       50
176
     1
 40
0.0
176
     1
 40
1.0
176
     1
 90
        0
176
     1
 62
    18
176
     1
 90
       50
176
     1
 90
        3
176
     1
 62
     5
420
      255
176
     1
290
     0
176
     1
 90
       50
176
     1
 90
       50
176
     1
 90
       50
176
     1
290
     0
176
     1
 90
       50
176
     1
 62
   256
176
     0
 40
1.0
176
     0
 90
        2
176
     1
  1
strokes_ogs.tif
176
     1
290
     0
176
     1
 40
1.0
176
     1
 40
1.0
176
     1
  0
VISUALSTYLE
  5
F9
102
{ACAD_REACTORS
330
EF
102
}
330
EF
100
AcDbVisualStyle
  2
Realistic
 70
     8
177
     3
291
     0
 70
    58
 90
        2
176
     1
 90
        3
176
     1
 90
        0
176
     1
 90
        2
176
     1
 40
0.6
176
     1
 40
30.0
176
     1
 62
     7
420
 16777215
176
     1
 90
        0
176
     1
 90
        0
176
     1
 62
     7
176
     1
 62
   257
176
     1
 90
        1
176
     1
 90
        1
176
     1
 40
1.0
176
     1
 90
        8
176
     1
 62
   257
176
     1
 40
1.0
176
     1
 90
        1
176
     1
 90
        6
176
     1
 90
        2
176
     1
 62
     7
176
     1
 90
        3
176
     1
 90
        0
176
     1
 90
        0
176
     1
290
     0
176
     1
 90
       13
176
     1
 40
0.0
176
     1
 90
        0
176
     1
290
     0
176
     1
290
     1
176
     1
290
     1
176
     1
290
     0
176
     1
290
     0
176
     1
290
     0
176
     1
290
     0
176
     1
290
     0
176
     1
290
     0
176
     1
 90
       50
176
     1
 40
0.0
176
     1
 40
1.0
176
     1
 90
        0
176
     1
 62
    18
176
     1
 90
       50
176
     1
 90
        3
176
     1
 62
     5
420
      255
176
     1
290
     0
176
     1
 90
       50
176
     1
 90
       50
176
     1
 90
       50
176
     1
290
     0
176
     1
 90
       50
176
     1
 62
   256
176
     0
 40
1.0
176
     0
 90
        2
176
     1
  1
strokes_ogs.tif
176
     1
290
     0
176
     1
 40
1.0
176
     1
 40
1.0
176
     1
  0
VISUALSTYLE
  5
1F3
102
{ACAD_REACTORS
330
EF
102
}
330
EF
100
AcDbVisualStyle
  2
Shaded
 70
    27
177
     3
291
     0
 70
    58
 90
        2
176
     1
 90
        2
176
     1
 90
        1
176
     1
 90
        2
176
     1
 40
0.6
176
     1
 40
30.0
176
     1
 62
     7
420
 16777215
176
     1
 90
        0
176
     1
 90
        4
176
     1
 62
     7
176
     1
 62
   257
176
     1
 90
        1
176
     1
 90
        1
176
     1
 40
1.0
176
     1
 90
        8
176
     1
 62
   257
176
     1
 40
1.0
176
     1
 90
        1
176
     1
 90
        6
176
     1
 90
        2
176
     1
 62
     8
420
  7895160
176
     1
 90
        3
176
     1
 90
        0
176
     1
 90
        0
176
     1
290
     0
176
     1
 90
        5
176
     1
 40
0.0
176
     1
 90
        0
176
     1
290
     0
176
     1
290
     1
176
     1
290
     1
176
     1
290
     0
176
     1
290
     0
176
     1
290
     0
176
     1
290
     0
176
     1
290
     0
176
     1
290
     0
176
     1
 90
       50
176
     1
 40
0.0
176
     1
 40
1.0
176
     1
 90
        0
176
     1
 62
    18
176
     1
 90
       50
176
     1
 90
        3
176
     1
 62
     5
420
      255
176
     1
290
     0
176
     1
 90
       50
176
     1
 90
       50
176
     1
 90
       50
176
     1
290
     0
176
     1
 90
       50
176
     1
 62
   256
176
     0
 40
1.0
176
     0
 90
        2
176
     1
  1
strokes_ogs.tif
176
     1
290
     0
176
     1
 40
1.0
176
     1
 40
1.0
176
     1
  0
VISUALSTYLE
  5
1F2
102
{ACAD_REACTORS
330
EF
102
}
330
EF
100
AcDbVisualStyle
  2
Shaded with edges
 70
    26
177
     3
291
     0
 70
    58
 90
        2
176
     1
 90
        2
176
     1
 90
        1
176
     1
 90
        2
176
     1
 40
0.6
176
     1
 40
30.0
176
     1
 62
     7
420
 16777215
176
     1
 90
        1
176
     1
 90
        2
176
     1
 62
     7
176
     1
 62
   257
176
     1
 90
        2
176
     1
 90
        1
176
     1
 40
1.0
176
     1
 90
        8
176
     1
 62
   257
176
     1
 40
1.0
176
     1
 90
        1
176
     1
 90
        6
176
     1
 90
        2
176
     1
 62
     7
176
     1
 90
        3
176
     1
 90
        0
176
     1
 90
        0
176
     1
290
     0
176
     1
 90
        5
176
     1
 40
0.0
176
     1
 90
        0
176
     1
290
     0
176
     1
290
     1
176
     1
290
     1
176
     1
290
     0
176
     1
290
     0
176
     1
290
     0
176
     1
290
     0
176
     1
290
     0
176
     1
290
     0
176
     1
 90
       50
176
     1
 40
0.0
176
     1
 40
1.0
176
     1
 90
        0
176
     1
 62
    18
176
     1
 90
       50
176
     1
 90
        3
176
     1
 62
     5
420
      255
176
     1
290
     0
176
     1
 90
       50
176
     1
 90
       50
176
     1
 90
       50
176
     1
290
     0
176
     1
 90
       50
176
     1
 62
   256
176
     0
 40
1.0
176
     0
 90
        2
176
     1
  1
strokes_ogs.tif
176
     1
290
     0
176
     1
 40
1.0
176
     1
 40
1.0
176
     1
  0
VISUALSTYLE
  5
1EF
102
{ACAD_REACTORS
330
EF
102
}
330
EF
100
AcDbVisualStyle
  2
Shades of Gray
 70
    23
177
     3
291
     0
 70
    58
 90
        2
176
     1
 90
        2
176
     1
 90
        3
176
     1
 90
        0
176
     1
 40
0.6
176
     1
 40
30.0
176
     1
 62
     7
420
 16777215
176
     1
 90
        2
176
     1
 90
        2
176
     1
 62
     7
176
     1
 62
     7
176
     1
 90
        1
176
     1
 90
        1
176
     1
 40
40.0
176
     1
 90
        8
176
     1
 62
     7
176
     1
 40
1.0
176
     1
 90
        1
176
     1
 90
        6
176
     1
 90
        2
176
     1
 62
     7
176
     1
 90
        3
176
     1
 90
        0
176
     1
 90
        0
176
     1
290
     0
176
     1
 90
        1
176
     1
 40
0.0
176
     1
 90
        0
176
     1
290
     0
176
     1
290
     1
176
     1
290
     1
176
     1
290
     0
176
     1
290
     0
176
     1
290
     0
176
     1
290
     0
176
     1
290
     0
176
     1
290
     0
176
     1
 90
       50
176
     1
 40
0.0
176
     1
 40
1.0
176
     1
 90
        0
176
     1
 62
    18
176
     1
 90
       50
176
     1
 90
        3
176
     1
 62
     5
420
      255
176
     1
290
     0
176
     1
 90
       50
176
     1
 90
       50
176
     1
 90
       50
176
     1
290
     0
176
     1
 90
       50
176
     1
 62
   256
176
     0
 40
1.0
176
     0
 90
        2
176
     1
  1
strokes_ogs.tif
176
     1
290
     0
176
     1
 40
1.0
176
     1
 40
1.0
176
     1
  0
VISUALSTYLE
  5
1F0
102
{ACAD_REACTORS
330
EF
102
}
330
EF
100
AcDbVisualStyle
  2
Sketchy
 70
    24
177
     3
291
     0
 70
    58
 90
        1
176
     1
 90
        2
176
     1
 90
        2
176
     1
 90
        0
176
     1
 40
0.6
176
     1
 40
30.0
176
     1
 62
     7
420
 16777215
176
     1
 90
        2
176
     1
 90
        2
176
     1
 62
     7
176
     1
 62
     7
176
     1
 90
        1
176
     1
 90
        1
176
     1
 40
40.0
176
     1
 90
       11
176
     1
 62
     7
176
     1
 40
1.0
176
     1
 90
        1
176
     1
 90
        6
176
     1
 90
        2
176
     1
 62
     7
176
     1
 90
        6
176
     1
 90
        0
176
     1
 90
        0
176
     1
290
     0
176
     1
 90
        1
176
     1
 40
0.0
176
     1
 90
        0
176
     1
290
     0
176
     1
290
     1
176
     1
290
     1
176
     1
290
     0
176
     1
290
     0
176
     1
290
     0
176
     1
290
     0
176
     1
290
     0
176
     1
290
     0
176
     1
 90
       50
176
     1
 40
0.0
176
     1
 40
1.0
176
     1
 90
        0
176
     1
 62
    18
176
     1
 90
       50
176
     1
 90
        3
176
     1
 62
     5
420
      255
176
     1
290
     0
176
     1
 90
       50
176
     1
 90
       50
176
     1
 90
       50
176
     1
290
     0
176
     1
 90
       50
176
     1
 62
   256
176
     0
 40
1.0
176
     0
 90
        2
176
     1
  1
strokes_ogs.tif
176
     1
290
     0
176
     1
 40
1.0
176
     1
 40
1.0
176
     1
  0
VISUALSTYLE
  5
FC
102
{ACAD_REACTORS
330
EF
102
}
330
EF
100
AcDbVisualStyle
  2
Thicken
 70
    13
177
     3
291
     1
 70
    58
 90
        2
176
     1
 90
        2
176
     1
 90
        1
176
     1
 90
        0
176
     1
 40
0.6
176
     1
 40
30.0
176
     1
 62
     7
420
 16777215
176
     1
 90
        1
176
     1
 90
        4
176
     1
 62
     7
176
     1
 62
   257
176
     1
 90
        1
176
     1
 90
        1
176
     1
 40
1.0
176
     1
 90
       12
176
     1
 62
     7
176
     1
 40
1.0
176
     1
 90
        1
176
     1
 90
        6
176
     1
 90
        2
176
     1
 62
     7
176
     1
 90
        5
176
     1
 90
        0
176
     1
 90
        0
176
     1
290
     0
176
     1
 90
        1
176
     1
 40
0.0
176
     1
 90
        0
176
     1
290
     0
176
     1
290
     1
176
     1
290
     1
176
     1
290
     0
176
     1
290
     0
176
     1
290
     0
176
     1
290
     0
176
     1
290
     0
176
     1
290
     0
176
     1
 90
       50
176
     1
 40
0.0
176
     1
 40
1.0
176
     1
 90
        0
176
     1
 62
    18
176
     1
 90
       50
176
     1
 90
        3
176
     1
 62
     5
420
      255
176
     1
290
     0
176
     1
 90
       50
176
     1
 90
       50
176
     1
 90
       50
176
     1
290
     0
176
     1
 90
       50
176
     1
 62
   256
176
     0
 40
1.0
176
     0
 90
        2
176
     1
  1
strokes_ogs.tif
176
     1
290
     0
176
     1
 40
1.0
176
     1
 40
1.0
176
     1
  0
VISUALSTYLE
  5
F6
102
{ACAD_REACTORS
330
EF
102
}
330
EF
100
AcDbVisualStyle
  2
Wireframe
 70
     5
177
     3
291
     0
 70
    58
 90
        0
176
     1
 90
        2
176
     1
 90
        0
176
     1
 90
        0
176
     1
 40
0.6
176
     1
 40
30.0
176
     1
 62
     7
420
 16777215
176
     1
 90
        1
176
     1
 90
        4
176
     1
 62
     7
176
     1
 62
   257
176
     1
 90
        1
176
     1
 90
        1
176
     1
 40
1.0
176
     1
 90
        0
176
     1
 62
   257
176
     1
 40
1.0
176
     1
 90
        1
176
     1
 90
        6
176
     1
 90
        2
176
     1
 62
     7
176
     1
 90
        3
176
     1
 90
        0
176
     1
 90
        0
176
     1
290
     0
176
     1
 90
        1
176
     1
 40
0.0
176
     1
 90
        0
176
     1
290
     0
176
     1
290
     1
176
     1
290
     1
176
     1
290
     0
176
     1
290
     0
176
     1
290
     0
176
     1
290
     0
176
     1
290
     0
176
     1
290
     0
176
     1
 90
       50
176
     1
 40
0.0
176
     1
 40
1.0
176
     1
 90
        0
176
     1
 62
    18
176
     1
 90
       50
176
     1
 90
        3
176
     1
 62
     5
420
      255
176
     1
290
     0
176
     1
 90
       50
176
     1
 90
       50
176
     1
 90
       50
176
     1
290
     0
176
     1
 90
       50
176
     1
 62
   256
176
     0
 40
1.0
176
     0
 90
        2
176
     1
  1
strokes_ogs.tif
176
     1
290
     0
176
     1
 40
1.0
176
     1
 40
1.0
176
     1
  0
VISUALSTYLE
  5
1F1
102
{ACAD_REACTORS
330
EF
102
}
330
EF
100
AcDbVisualStyle
  2
X-Ray
 70
    25
177
     3
291
     0
 70
    58
 90
        2
176
     1
 90
        2
176
     1
 90
        1
176
     1
 90
        1
176
     1
 40
0.5
176
     1
 40
30.0
176
     1
 62
     7
420
 16777215
176
     1
 90
        1
176
     1
 90
        0
176
     1
 62
     7
176
     1
 62
   257
176
     1
 90
        1
176
     1
 90
        1
176
     1
 40
1.0
176
     1
 90
        8
176
     1
 62
     7
176
     1
 40
1.0
176
     1
 90
        1
176
     1
 90
        6
176
     1
 90
        2
176
     1
 62
     7
176
     1
 90
        3
176
     1
 90
        0
176
     1
 90
        0
176
     1
290
     0
176
     1
 90
       13
176
     1
 40
0.0
176
     1
 90
        0
176
     1
290
     0
176
     1
290
     1
176
     1
290
     1
176
     1
290
     0
176
     1
290
     0
176
     1
290
     0
176
     1
290
     0
176
     1
290
     0
176
     1
290
     0
176
     1
 90
       50
176
     1
 40
0.0
176
     1
 40
1.0
176
     1
 90
        0
176
     1
 62
    18
176
     1
 90
       50
176
     1
 90
        3
176
     1
 62
     5
420
      255
176
     1
290
     0
176
     1
 90
       50
176
     1
 90
       50
176
     1
 90
       50
176
     1
290
     0
176
     1
 90
       50
176
     1
 62
   256
176
     0
 40
1.0
176
     0
 90
        2
176
     1
  1
strokes_ogs.tif
176
     1
290
     0
176
     1
 40
1.0
176
     1
 40
1.0
176
     1
  0
DICTIONARYVAR
  5
146
102
{ACAD_REACTORS
330
5E
102
}
330
5E
100
DictionaryVariables
280
     0
  1
1:1
  0
DICTIONARYVAR
  5
259
102
{ACAD_REACTORS
330
5E
102
}
330
5E
100
DictionaryVariables
280
     0
  1
3.500000
  0
DICTIONARYVAR
  5
25A
102
{ACAD_REACTORS
330
5E
102
}
330
5E
100
DictionaryVariables
280
     0
  1
acadiso.lin
  0
DICTIONARYVAR
  5
145
102
{ACAD_REACTORS
330
5E
102
}
330
5E
100
DictionaryVariables
280
     0
  1
STANDARD
  0
DICTIONARYVAR
  5
84
102
{ACAD_REACTORS
330
5E
102
}
330
5E
100
DictionaryVariables
280
     0
  1
STANDARD
  0
DICTIONARYVAR
  5
227
102
{ACAD_REACTORS
330
5E
102
}
330
5E
100
DictionaryVariables
280
     0
  1
Metric50
  0
DICTIONARYVAR
  5
228
102
{ACAD_REACTORS
330
5E
102
}
330
5E
100
DictionaryVariables
280
     0
  1
Metric50
  0
DICTIONARYVAR
  5
5F
102
{ACAD_REACTORS
330
5E
102
}
330
5E
100
DictionaryVariables
280
     0
  1
2
  0
DICTIONARYVAR
  5
63
102
{ACAD_REACTORS
330
5E
102
}
330
5E
100
DictionaryVariables
280
     0
  1
1
  0
DICTIONARYVAR
  5
1AE
102
{ACAD_REACTORS
330
5E
102
}
330
5E
100
DictionaryVariables
280
     0
  1
0
  0
DICTIONARYVAR
  5
1AF
102
{ACAD_REACTORS
330
5E
102
}
330
5E
100
DictionaryVariables
280
     0
  1
0
  0
DICTIONARY
  5
205
330
22
100
AcDbDictionary
280
     1
281
     1
  0
DICTIONARY
  5
1F9
330
ED
100
AcDbDictionary
280
     1
281
     1
  3
FBXASSET
360
1FA
  0
DICTIONARY
  5
1F7
330
EC
100
AcDbDictionary
280
     1
281
     1
  3
FBXASSET
360
1F8
  0
DICTIONARY
  5
173
330
EE
100
AcDbDictionary
280
     1
281
     1
  3
BUMPTILE
360
175
  3
DIFFUSETILE
360
174
  3
FBXASSET
360
1FB
  3
OPACITYTILE
360
176
  3
REFLECTIONTILE
360
177
  0
DICTIONARY
  5
162
330
7F
100
AcDbDictionary
280
     1
281
     1
  3
ACAD_ROUNDTRIP_2008_TABLESTYLE_CELLSTYLEMAP
360
137A
  0
XRECORD
  5
1FA
102
{ACAD_REACTORS
330
1F9
102
}
330
1F9
100
AcDbXrecord
280
     1
 70
     1
 90
429727718
  1
D62C5603-E3A1-4AEA-B7FB-FE5D8D0755AF
310
504B03040A0000080000CC70623B3DEE336E79000000790000001B0000006175746F6465736B2D64657369676E2D7061636B6167652E786D6C3C3F786D6C2076657273696F6E3D22312E302220656E636F64696E673D227574662D3822203F3E3C666F726D6174733E3C666F726D61743E687474703A2F2F736368656D612E
310
6175746F6465736B2E636F6D2F64657369676E2D7061636B6167652F323030393C2F666F726D61743E3C2F666F726D6174733E504B0304140006080800CC70623BD486FD9CA0000000F4000000130000005B436F6E74656E745F54797065735D2E786D6C7D8EC10E82300C865F65E91D8A1E8C310C0EEA1BF002731658846E
310
D98AC1B77784ABF1D8FE5FBFBF75BBCE937A534CCEB38643598122B6FEE978D0B0485F9C41B54DDD7D022595594E1A469170414C76A4D9A4D207E29CF43ECE46F218070CC6BECC4078ACAA135ACF422C856C0E68EA1BF5669944DDD7BCDE7B1F8E415D77AECB980613C2E4AC91FC167A2B244592486606FC29C8FD7F045B9A
310
EF7053A7E60B504B0304140006080800CC70623B853B8169EB0000007C01000008000000636F72652E786D6C8D90416EC3201045AF62CDB6C206821CC7C244919D9CA01740401C94182C03558F5F9C3852BBEB6A467FFE9B197D7EFC9E1EC5975982F5AE035262288C535E5B377690E21535501C055FBC8FBF6C503839990E
310
5619041F179FE64D52DE45E362569DD7661365082642A11EB9E920A89B99642953CC8E702F67A9EE7234257977194EC9EAE275C4EABCCF5EAD5940D4AC6F0E35A568B8F43562CD7046CD199FD07E60174276A7BE677B5EADB0E0D14EEFFB6A31321A0D82627C4084204C3F096B71DD52F6819B16635EADF63F509AF53FA164
310
5DDCD1EDDD17164090FCC8732078B56691CB33A85CD7DCC40F504B0304140006080800CC70623B55019EA25F0000007C00000007000000636E782E786D6C4DCB3B0E80201045D1AD90E915ED2CF8AC45050C11660C8261F98AB1B07AC9C97D42D718D865D3E909258CFD00CCE24AC6E326A164D74DC0B4128928FF32603847
310
2BA13128B1252AC747C6BAB984FC68F0B87FE8960A5C09FE86CFB69FBA01504B0304140006080800CC70623BDBABAAF470010000D40300000C0000006662782F636F72652E786D6CC553D16E823014FD95A6AF4B694182CC941A83FA05FB810A9511A125A5257EFE2E82712ECEB8A7F100CD39F7F69E734AF9FADC366850B6
310
AF8DCE7018308C942E4C59EB2AC3DE1D498AD15A706B8CFB56869196ADCAF00863C12B6B7C374385D14E6907A836A59A41D9F7CA615434B0C8705F7CAA5606D23BA8E84F41278B93AC54100640439DE0BDB320004D43C63716C7C399D30917DCFBBA9CD9BA8469F5B156168B24CED3F7248AC8769F27244EB73B92EED8862C
310
B7F13E0C179B3C8F979C8ECD82BBBABDAA2BAC924E9558448CBD9330242CFA08E3154B5651FCC6D215639C8EE5774DBE2B5F6CF2B5768B68963BB5F5588420E442FC700B1139D4CB01F450C1E918227C2E09DF070D8140C84E1E9AAB8F1340832A9CB13130A5F1376A908D57309505ECF2A0DF179C4E9D30F5B239B87E3823
310
7A79C6F31DE1A8A5AEC08474B03C7837EAE4938639B44E5932B833D2C6B6B279CDC613877FA26EE21F4A2A4C63EC7F29A2F301D1F9F7A0E37D145F504B0304140006080800CC70623B9C113CC27E0000009D0000000B0000006662782F636E782E786D6C4DCCDF0A83201C86E15B91DFB94BFB330DD428C8FB886521330DA7
310
6397BF1A1DECE883878F57749FCDA1B7892F1BBC047A23808C7F84D9FA55424E0BE6803A256208E9EF06C84F9B91703228B1C690F78B66B34CD9A5439DF5CF0BFBF65E35BCA1B8D6A5C6F540381E886698B5741C695F9503EBA150A2F8958E3DC3EA0B504B0304140006080800CC70623B7DF2F77C2A010000120200003100
310
00006662782F41393633353835312D344632462D344230382D423046372D3739314545314133324237412F636F72652E786D6C8D51DB8EC22014FC15C2939B0D2DB4B45643319AE817EC0F6041255A68B86CFCFC856D4D76DF7CE190393373060EDB3DC707F856CE6B6B7A480A0C81328395DA5C7B18C3057510EC3873D686
310
3F34088C18550F330C39BB3A1BA7051AAC09CA84841A2BD5020AEF55806078A44B0FFD7053A328440C89E1EFC52486BBB8AA8214A99D789CF9E05200300FC927E4FB4D5B375D43103D5527440FB843077C5AA3F5861C8F645F5787F59E95B390B318B55CE45AA638FAA2957BD7248B390B7A7CC51F9C124149C82B8C378810
310
84AB2F42B7B8DD56F413775B8C5999E9FF4471926F8AA236A1AE96B8B3CC434E5839373893369E1FAF30EA395917409EB7F26AF8801C171837A4A6AC9C89E9F9C9B1A58BA30FD6A5EF5DDDCF894B9AD9B6A59C957943A9FCAE2FD5BC4DFE03504B0304140006080800CC70623BAD7543B64E01000033030000300000006662
310
782F41393633353835312D344632462D344230382D423046372D3739314545314133324237412F636E782E786D6CD593CD6EC32010845F0571AD6CE3D48AD20813A9873E410FBD12D82434182C7EAAE6EDBB2424CD25871E7B41D6EC30B3FA84F9E67BB2E40B4234DE8DB46F1925E094D7C6ED479AD3AE5951B2113C789FEE
310
6C943839C1488B4C05DF079FE72A69D8C96C13AAD6B8631503449F83828872B949AC57D26200B826A308D316B4064D6E46FCDA41C05550DC9E483A00797BFD207EFB092A45DE9514C1BBD22178396BD39D891265658C238DEA00936C654E5E433CB65A26D9F6EDB5EBC14EBF49A45CB856E66048291F6939A9A81BB5C89177
310
38143CA680F4AA299D66A042CEB3354A2684DC9D8D178FE0D9B8B41CAAD720F880EE7EF93C0C18769E099ECC04D5A102C8049A8A05632F4DDF376CF1DE0F6BB65C2F8627B65A33C6BB62177CEBBDAD973006829F89F22E814B54F4BC2BE347F8AA8F681390B50FA73F804400B5F542E796F19FF974E7F78DB802FE05E20750
310
4B0304140006080800CC70623BE75B7789680500003C100000340000006662782F41393633353835312D344632462D344230382D423046372D3739314545314133324237412F6F626A656374732E786D6CAD575B8F9B3818FD2B887D06C22499CB8AA1CA655245D5B455A356FB305264C061D8018C6C3393D95FBFC7600890
310
A4CD5EF210B0B1BFEBF98E3F7B1FF6596ABC522E1296DF9BAE3D320D9A872C4AF2F8DE2CE5CEBA358D0FBEC719939D65A691938CDE9B6ADAF4BD98B3B2D05311DD91329583D9D5FC0F438434A7A611A644887B5384CF34233629258BA878B12322891DEFF6B66BD70BFB62634E8AE781D082709A4B588AF91C528CDA28B73F
310
1C998EEF39EABBEFA97FBD6A7C7E9553F9D3D79FE442923C3C523610337627CB87ABE99D359D4CC6D6E4FACAB5E6ABF9D2726FC6A3C5F56271377BB88362213924694B38DD99FE47C48627A1E7D49F5A8BB5E1A74C0A599ED3B0F21F1E56366B89112D681E218F0915D0D6F17AD41FBA2A369DCF6335D62ABBD39779D5DDD1
310
11D4D8DE3CBB96B2E04FB8202E41051754A1AA8E8F76B4C6DFE810B580B1547F4B84911149794252234D024EF8BBE963A95AE27B3D310A9D5C215C7960FAEE415ED75694C6AFB17BCACA5D99A60A9AA65F217B0BFC53292ACB92BF283FAD0D3621576592CB5BED907C2FA8E9DF794E35E97BEA31BED21FEB401ABB94C44839
310
DCACBF0E1C5DA8DA5B2F4DFFD32AD86F543D9E565E7056502E157C00AD2671CD534549AB752FCA9CDA00677A313F04E51B22FF19E57B300579E3C97EB29F682D92935CEC18CF901B7B54FD8C51F362B56FC72FE0B3C1EAE335EDCCBF5AEC39ADB17DC238973F804BA5E6F6BFE7AF1FB32E523BE9F3BD571418E3631DCA4D48
310
5250CF639223210A9446CA30052EDF057BD35F8329C1ECD84552BF0DC8D18BE7BCE23BFE6BD960AB4A7DE79923A103BEBD80F911CBAA2C60DB19B01CF164A5583B772EE6D3FFA56666CBCDA74DC97724A48F9A58967497E489C4D979006FD7A05E227A1EBDD0F737C623387A9C844D3709995625106D157315F8B8392CD4E0
310
A0B9A720C4BE9829CEF37EA1E13111214D53925356365ADA634861B52519DD27A00AEB808EAF0628E6F435519D446F45CF2C9CF5214F0A15B2F6D06B79DA3EE3CBF7F56780D2F4E7EF73A0F5E5B02A38D07DC852C6B7C1FBB6664213E0C39E3EBA7FF4E1AD23EA2829407C85E586727488B751B2DB9502BC7B228A3FD68B6E
310
A65A22397E690AA8D158D7E404EC8CDA235CC3B7D1898680131CEC2CDF2638C65196279577750F15884AEE19F94199155B92B13297978469D4F8D358DF0AEF7631E28DC8F0D9F437D5D39A83B2231A1D52D543813A824EF8D44BCFF2FA6A31BD1E8DAD87F1CCB526B3879935BF59CDADD5C37479BB1CDD4CA7B3556B516589
310
EF352754B706114D9C885EC9131DE6EFEB43D99AFE2391C2F958179413D7CFEF6B1B6DB1E7600F00DE6E5C67454A339A4BA2E0FBA85ED26F045D454F463DBFCE484C2F90F2E5E3666003662ED8F755951A7D1BECD5B30B550B2785C8E7320B7292A4838DDA71BBC863ED7613CAF659337A3354231D4FF4A182A54904C2898C
310
98B28C4AD0CE056CCF332A80986E571EE9DBC305BB5FEB7E509220A58D25CF042D712A806AC0AD0C657FDEF80D2D9CEAA2EE4D1C76F60BFE74219A06527D6F82DF6412526107381E55E353090704D085B52408A8913C4ED159D79BDA71BB4BC506F4831350EB6F975CD22D69BF7AC49B91A2C0A9DDA3D5CA36AD20FC478E37
310
E61844E2352865EBCB61A275A65283CAAA9DD27703B4102F5AF51EF5F573B75CBB5AD38BC845F7A49F82A0966A49C2E3EA5EA0ECD326CD965F1DB402C6FA8B51A4658C5C5E2EC9E214602E55810345408596591009A82E7E7FFACA19EEA299B14A0081A705CB3296EBC14CDF658DCD336EA6D1136881AAEB87B81AB9EE53D5
310
F5EB8BC8362082DA24122F98680A4E7930C01A0079749CEA14382A0783E5EBA5A10F8C098456A03D6A4AEB6BB881E2513747552A5DB22C7EDAF83BD5528081A365F7FF06504B0304140006080000CC70623B000000000000000000000000350000006662782F41393633353835312D344632462D344230382D423046372D37
310
39314545314133324237412F76657274696365732E62696E504B0304140006080800CC70623BF270F1330600000004000000360000006662782F41393633353835312D344632462D344230382D423046372D3739314545314133324237412F747269616E676C65732E62696E636660600000504B0304140006080000CC7062
310
3B000000000000000000000000370000006662782F41393633353835312D344632462D344230382D423046372D3739314545314133324237412F617474726962757465732E62696E504B0304140006080800CC70623B08DA0BD19000000041010000360000006662782F41393633353835312D344632462D344230382D4230
310
46372D3739314545314133324237412F6469726563746F72792E786D6C858F410AC3201045AF22B36F53E9A60B35CBEEBAE80D244E44489C6234F4F835464A48035D0DF398FF9F8AF63D0E6CC63039F212F8F9020C7D47C6792B21C5FE7403D62A1188E2E60C98D7234A5830286103A55745067B9D86B8A3CF9C7F90C11DE6
310
07FB144396D7B6A82D282E9A152AD114D5EF2CB866EEE831B8EEA07A7BB5A8D7D61A2BAAEB7FD5F70921FF497D00504B0304140006080800CC70623BEDD1DC58FD000000A00100003B0000006662782F41393633353835312D344632462D344230382D423046372D3739314545314133324237412F7265736F75726365732F
310
636F72652E786D6C8D504B6E833010BD0A9A6D65B00922041947112427E8052C33A156828DFCA97AFC9A40A576D7CDCCE87D344F8F9FBFE667F689CE6B6B3A6039850C8DB2A336530731DC4903D95970676DF82583CCC8193B5861107C72362E3BA4AC096842428D1D7107A5F7182053CF7474E0D507CE32973124857FE48B
310
540F3961CEF244279DE03EB81420DB9EAC1384436FA353E879B1B182C7A8C75DA3C7F453DF353A1075D537A7BA6464B8F535A99AE14A9A2BBD90E350DD183B5CFABE3AF262350B1EF4FC9351399401471025A527C218A1E53BAB5A5AB765F5469B96525EACF23FA6B88CFF34456DC2A1DCE36E360F82A5202F42F062ED2BAD
310
579969AFDD8A6F504B010214000A0000080000CC70623B3DEE336E79000000790000001B00000000000000000000000000000000006175746F6465736B2D64657369676E2D7061636B6167652E786D6C504B01021400140006080800CC70623BD486FD9CA0000000F40000001300000000000000000000000000B20000005B
310
436F6E74656E745F54797065735D2E786D6C504B01021400140006080800CC70623B853B8169EB0000007C010000080000000000000000000000000083010000636F72652E786D6C504B01021400140006080800CC70623B55019EA25F0000007C000000070000000000000000000000000094020000636E782E786D6C504B
310
01021400140006080800CC70623BDBABAAF470010000D40300000C00000000000000000000000000180300006662782F636F72652E786D6C504B01021400140006080800CC70623B9C113CC27E0000009D0000000B00000000000000000000000000B20400006662782F636E782E786D6C504B01021400140006080800CC70
310
623B7DF2F77C2A010000120200003100000000000000000000000000590500006662782F41393633353835312D344632462D344230382D423046372D3739314545314133324237412F636F72652E786D6C504B01021400140006080800CC70623BAD7543B64E010000330300003000000000000000000000000000D2060000
310
6662782F41393633353835312D344632462D344230382D423046372D3739314545314133324237412F636E782E786D6C504B01021400140006080800CC70623BE75B7789680500003C10000034000000000000000000000000006E0800006662782F41393633353835312D344632462D344230382D423046372D3739314545
310
314133324237412F6F626A656374732E786D6C504B01021400140006080000CC70623B0000000000000000000000003500000000000000000000000000280E00006662782F41393633353835312D344632462D344230382D423046372D3739314545314133324237412F76657274696365732E62696E504B01021400140006
310
080800CC70623BF270F133060000000400000036000000000000000000000000007B0E00006662782F41393633353835312D344632462D344230382D423046372D3739314545314133324237412F747269616E676C65732E62696E504B01021400140006080000CC70623B0000000000000000000000003700000000000000
310
000000000000D50E00006662782F41393633353835312D344632462D344230382D423046372D3739314545314133324237412F617474726962757465732E62696E504B01021400140006080800CC70623B08DA0BD1900000004101000036000000000000000000000000002A0F00006662782F41393633353835312D344632
310
462D344230382D423046372D3739314545314133324237412F6469726563746F72792E786D6C504B01021400140006080800CC70623BEDD1DC58FD000000A00100003B000000000000000000000000000E1000006662782F41393633353835312D344632462D344230382D423046372D3739314545314133324237412F7265
310
736F75726365732F636F72652E786D6C504B0506000000000E000E0080040000641100000000
  0
XRECORD
  5
1F8
102
{ACAD_REACTORS
330
1F7
102
}
330
1F7
100
AcDbXrecord
280
     1
 70
     1
 90
429727718
  1
30362254-06B7-45E0-A893-8CFA70E3D6BC
310
504B03040A0000080000CC70623B3DEE336E79000000790000001B0000006175746F6465736B2D64657369676E2D7061636B6167652E786D6C3C3F786D6C2076657273696F6E3D22312E302220656E636F64696E673D227574662D3822203F3E3C666F726D6174733E3C666F726D61743E687474703A2F2F736368656D612E
310
6175746F6465736B2E636F6D2F64657369676E2D7061636B6167652F323030393C2F666F726D61743E3C2F666F726D6174733E504B0304140006080800CC70623BD486FD9CA0000000F4000000130000005B436F6E74656E745F54797065735D2E786D6C7D8EC10E82300C865F65E91D8A1E8C310C0EEA1BF002731658846E
310
D98AC1B77784ABF1D8FE5FBFBF75BBCE937A534CCEB38643598122B6FEE978D0B0485F9C41B54DDD7D022595594E1A469170414C76A4D9A4D207E29CF43ECE46F218070CC6BECC4078ACAA135ACF422C856C0E68EA1BF5669944DDD7BCDE7B1F8E415D77AECB980613C2E4AC91FC167A2B244592486606FC29C8FD7F045B9A
310
EF7053A7E60B504B0304140006080800CC70623B1EC5D7A3EB0000007C01000008000000636F72652E786D6C8D90416EC3201045AF82665B6103C6756C6122AB4D4ED00B204C5C94182C03558F5F9C3852BBEB6A467FFE9B197D71FC9E6FE8CBACC17AD7032D0820E3B41FAD9B7A48F1820F808E52ACDEC75F36404ECDA687
310
4D0629A6D5A76597B477D1B89855E747B38B2A041301E95B6E7A08FAD3CCAA50296647B8168BD2573599823EBB0CA76447F43862C7BCCF5EAC59410E4DDD9C7973C2755553CCCFA4C603E3040F1565ED3B1FDE4E432BCA0D9622DAF9795FAF464533826484B498524CD807E51D79ED187F21878E10516EF63F505AC67F42C9
310
BA58B1FDDD071640D2FCC87D2045B96591CB3DA85CB7DCE40F504B0304140006080800CC70623B55019EA25F0000007C00000007000000636E782E786D6C4DCB3B0E80201045D1AD90E915ED2CF8AC45050C11660C8261F98AB1B07AC9C97D42D718D865D3E909258CFD00CCE24AC6E326A164D74DC0B4128928FF32603847
310
2BA13128B1252AC747C6BAB984FC68F0B87FE8960A5C09FE86CFB69FBA01504B0304140006080800CC70623B8C9102E971010000D40300000C0000006662782F636F72652E786D6CC5535B6E833010BC8AE5DF0A6C08340F1947A84D4ED00B38C6A128602363A31CBFCB234A53A551FA553EC09AD9F5CE8C31DB9E9B1AF5CA
310
7695D1198E428A91D2D214952E33ECDD315861B4E5CC1AE3BE9561A445A3323CC098B3D21ADFCE9034DA29ED00D5A6503328BA4E398C640D8B0C77F253352214DE4145770A5B214FA2546114020D759C75CE8200340D19DE981F0F6746269C33EFAB6266AB02A655C74A59CCF365BADC27CB5D902ED22848F6340DF238A141
310
BE88E2F57B92BFEDF23523433367AE6A2EEAA455C2A902F398D2751045018D3FA264435F3771F242571B4A1919CA6F9A7C5B3CD9E42BED16F12C776AEB308F40C848FC700B1139D4891EF410CEC810227CC6846F8386402064270EF5C5C709A05E49676C024C61FC95EA45ED154CA5211D1FF4FB8291A913A68E9B83EBBB33
310
E2A7673CDE118E5AE8124C0807CB8377834E366998436B950D7A7746DAD846D4CFD978E0F04FD455FC5D49D2D4C6FE9722321F10997F0F32DC47FE05504B0304140006080800CC70623BFFEA85907E0000009D0000000B0000006662782F636E782E786D6C4DCCD10A83201886E15B91FFDC95D95A811AB6F23E625948A6C3
310
E9D8E5AF46073BFAE0E1E365ED67B3E8ADC3CB78C7815C7240DA3DFC64DCC221C519D7805AC182F7F1EF06C88D9BE6703008B6049F9E274D7A1E938DBB5AE3D6131B2589BA0D3D965551E0B2EA732C9B9A624AAEB41E3A557677029960D9AFB4EF11165F504B0304140006080800CC70623B4FEEA4082C0100001202000031
310
0000006662782F39464131463745442D413632322D343644302D413938332D3331353338454246344243312F636F72652E786D6C8D515B6EC32010BC0AE2AB55850DD871ED0813254D72825EC00192A2C460F1A872FC42ED48ED5F7E00CDCECCCEB26C731F6FE05B39AFADE921293004CA082BB5B9F43086336A21D870E6AC
310
0D7F68109861543DCC30E4ECE26C9C164858139409093556AA051CBC570102714B8F1E7AF1A5C6A11862480C7F2DA6415C878B2A4891CA89C7990F2E050073937C42DE1DB7E4F87ED8A36D4329AA9B3D46DBAEAD504556557BD81DEBDD0761E52CE42C462D17B996298E3E6BE59E35C962CE821E1FF18553435012728A7187
310
0841987E927A8D9B35ADDF70BBC6989599FE4F1427F9A4286A132ABAC49D651EF234CD5CE04CDA78BA3DC2A8FB645D00B9DF8B57E215725C60BCA2A463E54C4CE327C7A65E1C7DB02E7DEFCBF594B864C5CA6CDBD49C957943E9FA5D5FBAF336F90F504B0304140006080800CC70623BAD7543B64E01000033030000300000
310
006662782F39464131463745442D413632322D343644302D413938332D3331353338454246344243312F636E782E786D6CD593CD6EC32010845F0571AD6CE3D48AD20813A9873E410FBD12D82434182C7EAAE6EDBB2424CD25871E7B41D6EC30B3FA84F9E67BB2E40B4234DE8DB46F1925E094D7C6ED479AD3AE5951B2113C
310
789FEE6C943839C1488B4C05DF079FE72A69D8C96C13AAD6B8631503449F83828872B949AC57D26200B826A308D316B4064D6E46FCDA41C05550DC9E483A00797BFD207EFB092A45DE9514C1BBD22178396BD39D891265658C238DEA00936C654E5E433CB65A26D9F6EDB5EBC14EBF49A45CB856E66048291F6939A9A81BB5
310
C8917738143CA680F4AA299D66A042CEB3354A2684DC9D8D178FE0D9B8B41CAAD720F880EE7EF93C0C18769E099ECC04D5A102C8049A8A05632F4DDF376CF1DE0F6BB65C2F8627B65A33C6BB62177CEBBDAD973006829F89F22E814B54F4BC2BE347F8AA8F681390B50FA73F804400B5F542E796F19FF974E7F78DB802FE05
310
E207504B0304140006080800CC70623B16AB87BA640500003C100000340000006662782F39464131463745442D413632322D343644302D413938332D3331353338454246344243312F6F626A656374732E786D6CAD575B6FA33818FD2B887DE6924B3BED8A326A92B68A663B534DD4D13E548A0C38942D60649B369D5FBFC7
310
600890A493BDE42160637FD7F31D7FF63E6FB3D478A55C242CBF3247B66B1A340F5994E4F19559CA8D75611A9F7D8F33263BCB4C232719BD32D5B4E97B316765A1A722BA21652A07B3B7B33F0D11D29C9A46981221AE4C113ED38CD8A4942CA2E2C58E882476BCD9DA23BB5ED8171B73523C0F841684D35CC252CCE79062D4
310
468DFA43D7747CCF51DF7D4FFDEB5593E3AB9CCA9FBEFE241792E4E19EB28198C968BAB8199F5D5A67D3E9C49A9E8F47D6EC76B6B0469F26EEFC7C3EBFBCBEB98462213924694B38DD98FE1D62C393D073EA4FADC5DAF04326852CCF6958F90F0F2B9BB5C48816348F90C7840A68EB78EDF68723159BCEE7891A6B95DDE9D3
310
BCEAEEE8086A6C6F9E5D4B59F0175C10A7A0820BAA5055C7473B5AE3CFDD452D602CD5DF12616444529E90D448938013FE6EFA58AA96F85E4F8C42275708571E98FE6827AF6B2B4AE3D7D83D64E5A64C53054DD3AF90BD06FEA9149565C94FCA0F6B834DC85599E4F2423B24DF0B6AFA979E534DFA9E7A4CC6FA631D486393
310
921829879BF5D781A373557BCB85E97FB90DB62B558F8795179C15944B051F40AB495CF35451D26A4727654E6D8033BD98EF82F21D91FF8AF2DD9982BCF1643BDD4EB516C9492E368C67C88DED563FC36D5EACF66DFF057C3658BDBFA69DF9578B3DA735B64F18C7F20770A9D45CFCF7FCF563D6456A277DBEF78A02637CA2
310
43B90A490AEAB94F72244481D24819A6C0E59B606BFA4B3025981DBB48EAB701D97BF19C577CC77F2D1B6C55A9EF3C732474C0B727303F625995056C3B02963D9EAC146BE78EC5FCEC7FA999EBC5EACBAAE41B12D27B4D2C0BBA49F244E2ECDC81B76B502F113D8F5EE8FB1BE3111CDD4FC2AA9B844CAB1288B68AB90A7CDC
310
1C166AB0D3DC5310625FCC14E779BFD0709F8890A629C9292B1B2DED31A4B0DA928CEE135085754027E3018A397D4D5427D15BD1330B677DC8934285AC3DF45A9EB68FF8F2B8FC0A509AFEECFD0FF2DE25CC6047F7214B195F07EFEB9A094D800F7BFAE8FED187B78EA8A3A400F115961BCAD1215E47C966530AF0EE8128FE
310
58CEBB996A8964FFA529A046635D9353B0336A8F700DDF46271A024E70B0B37C9DE01847591E54DED53D54202AB947E4076556AC49C6CA5C9E1226B7F1A7B1BE15DEED62C41B91E1B3E9AFAAA735036547343A925075041DF0A9979E893B391F8FCFA6967B3EFB644DCF6E5CEBFAE272625DCC6FAF3FB93793C5F90CE1EF57
310
407342756B10D1C489E8953CD1617E5CEECAD6F4EF8914CE5D5D504E5C3F1F9736DA62CFC11E00BCDDB8CC8A9466349744C1F75EBDA4DF09BA8A9E8C7A7E9991989E20E5DBDD6A6003664ED8F7A04A8DBE0DF6EAD9B9AA858342E47399053949D2C146EDB85DE4B176BB0965FBAC19BD19AA918E27FA50C1D22402E144464C
310
59462568E704B6E71915404CB72B8FF4EDE184DDAF753F284990D2C6926782963815403548A70C657FDEF80D2D9CEAA2AE4C1C76F60BFE74219A06527D6582DF6412526107381E55E353090704D085B52408D0933C4ED159D79BDA71BB4BC506F4831350EB6F979CD22D69BF7AC49B91A2C0A9DDA3D5CA36AD20FC478E37E6
310
1844E2352865EBCB6EA275A652E3836BE04EFB400BF1A2556F515F1FBB35B2AB35BD889C744FFA1004B5544B121E57F70215746DD2F5E2C1412B602CBF19455AC6C8E5E9922C4E01E65215385004546899059180EAFCF7A707CE7017CD8CDB0410789AB32C63B91E5CEBBBACB17AC6CD347A022D5075FD106377347AAABA7E
310
7D11590744509B44E205134DC1290F06580320F78E537D3D73540E06CB970B431F185308AD40BBD794D6D77003C5A36E8EAA54BA64597CD8F83BD552A080A365F7FF06504B0304140006080000CC70623B000000000000000000000000350000006662782F39464131463745442D413632322D343644302D413938332D3331
310
353338454246344243312F76657274696365732E62696E504B0304140006080800CC70623BF270F1330600000004000000360000006662782F39464131463745442D413632322D343644302D413938332D3331353338454246344243312F747269616E676C65732E62696E636660600000504B0304140006080000CC70623B
310
000000000000000000000000370000006662782F39464131463745442D413632322D343644302D413938332D3331353338454246344243312F617474726962757465732E62696E504B0304140006080800CC70623B08DA0BD19000000041010000360000006662782F39464131463745442D413632322D343644302D413938
310
332D3331353338454246344243312F6469726563746F72792E786D6C858F410AC3201045AF22B36F53E9A60B35CBEEBAE80D244E44489C6234F4F835464A48035D0DF398FF9F8AF63D0E6CC63039F212F8F9020C7D47C6792B21C5FE7403D62A1188E2E60C98D7234A5830286103A55745067B9D86B8A3CF9C7F90C11DE607
310
FB144396D7B6A82D282E9A152AD114D5EF2CB866EEE831B8EEA07A7BB5A8D7D61A2BAAEB7FD5F70921FF497D00504B0304140006080800CC70623B0D6EF93BFE000000A00100003B0000006662782F39464131463745442D413632322D343644302D413938332D3331353338454246344243312F7265736F75726365732F63
310
6F72652E786D6C8D50596E833010BD0A9ADFCA60B334011947A8694ED00B586642AC041B79A97AFC9A40A5F6AF3F33A3B7689E1E3F7DCD8FEC139DD7D6F4C0720A191A65476DA61E62B892236427C19DB5E1970C322367EC618541F0C9D9B8EC90B226A009093576C41D94DE63804C3DD2D18357379C652E63480A7FCF17A9
310
EE72C29CE5894E3AC17D702940B63D59270887DE46A7D0F36263058F518FBB468FE9A7BE6A7420864373B8D4873369AA8691FA421B3294352543C5CAF65C0F6FEF43CB8BD52C78D0F34F46E550061C419494B6843142CB0F5677F4B52BEB177AEC28E5C52AFF638ACBF84F53D42654E51E77B379102C05791282176B5F693D
310
CB4C7BED567C03504B010214000A0000080000CC70623B3DEE336E79000000790000001B00000000000000000000000000000000006175746F6465736B2D64657369676E2D7061636B6167652E786D6C504B01021400140006080800CC70623BD486FD9CA0000000F40000001300000000000000000000000000B20000005B
310
436F6E74656E745F54797065735D2E786D6C504B01021400140006080800CC70623B1EC5D7A3EB0000007C010000080000000000000000000000000083010000636F72652E786D6C504B01021400140006080800CC70623B55019EA25F0000007C000000070000000000000000000000000094020000636E782E786D6C504B
310
01021400140006080800CC70623B8C9102E971010000D40300000C00000000000000000000000000180300006662782F636F72652E786D6C504B01021400140006080800CC70623BFFEA85907E0000009D0000000B00000000000000000000000000B30400006662782F636E782E786D6C504B01021400140006080800CC70
310
623B4FEEA4082C0100001202000031000000000000000000000000005A0500006662782F39464131463745442D413632322D343644302D413938332D3331353338454246344243312F636F72652E786D6C504B01021400140006080800CC70623BAD7543B64E010000330300003000000000000000000000000000D5060000
310
6662782F39464131463745442D413632322D343644302D413938332D3331353338454246344243312F636E782E786D6C504B01021400140006080800CC70623B16AB87BA640500003C1000003400000000000000000000000000710800006662782F39464131463745442D413632322D343644302D413938332D3331353338
310
454246344243312F6F626A656374732E786D6C504B01021400140006080000CC70623B0000000000000000000000003500000000000000000000000000270E00006662782F39464131463745442D413632322D343644302D413938332D3331353338454246344243312F76657274696365732E62696E504B01021400140006
310
080800CC70623BF270F133060000000400000036000000000000000000000000007A0E00006662782F39464131463745442D413632322D343644302D413938332D3331353338454246344243312F747269616E676C65732E62696E504B01021400140006080000CC70623B0000000000000000000000003700000000000000
310
000000000000D40E00006662782F39464131463745442D413632322D343644302D413938332D3331353338454246344243312F617474726962757465732E62696E504B01021400140006080800CC70623B08DA0BD190000000410100003600000000000000000000000000290F00006662782F39464131463745442D413632
310
322D343644302D413938332D3331353338454246344243312F6469726563746F72792E786D6C504B01021400140006080800CC70623B0D6EF93BFE000000A00100003B000000000000000000000000000D1000006662782F39464131463745442D413632322D343644302D413938332D3331353338454246344243312F7265
310
736F75726365732F636F72652E786D6C504B0506000000000E000E0080040000641100000000
  0
XRECORD
  5
175
102
{ACAD_REACTORS
330
173
102
}
330
173
100
AcDbXrecord
280
     1
270
     1
271
     1
  0
XRECORD
  5
174
102
{ACAD_REACTORS
330
173
102
}
330
173
100
AcDbXrecord
280
     1
270
     1
271
     1
  0
XRECORD
  5
1FB
102
{ACAD_REACTORS
330
173
102
}
330
173
100
AcDbXrecord
280
     1
 70
     0
 90
1673772943
  1
ECE7A1D2-D628-4531-984C-D00F80459256
310
504B03040A0000080000CC70623B3DEE336E79000000790000001B0000006175746F6465736B2D64657369676E2D7061636B6167652E786D6C3C3F786D6C2076657273696F6E3D22312E302220656E636F64696E673D227574662D3822203F3E3C666F726D6174733E3C666F726D61743E687474703A2F2F736368656D612E
310
6175746F6465736B2E636F6D2F64657369676E2D7061636B6167652F323030393C2F666F726D61743E3C2F666F726D6174733E504B0304140006080800CC70623BD486FD9CA0000000F4000000130000005B436F6E74656E745F54797065735D2E786D6C7D8EC10E82300C865F65E91D8A1E8C310C0EEA1BF002731658846E
310
D98AC1B77784ABF1D8FE5FBFBF75BBCE937A534CCEB38643598122B6FEE978D0B0485F9C41B54DDD7D022595594E1A469170414C76A4D9A4D207E29CF43ECE46F218070CC6BECC4078ACAA135ACF422C856C0E68EA1BF5669944DDD7BCDE7B1F8E415D77AECB980613C2E4AC91FC167A2B244592486606FC29C8FD7F045B9A
310
EF7053A7E60B504B0304140006080800CC70623BD9DDAED0EC0000007C01000008000000636F72652E786D6C8D90416EC3201045AF82665B61836D9CD8C2444DD39CA01740405C94182C03558F5F9C3852BBEB6A467FFE9B197D7EF89E6EE8CB2CC17A37002D0820E394D7D68D03A478C17B4007C117EFE32F1B20272733C0
310
2A83E0E3E2D3BC49CABB685CCCAAF3DA6CA20CC14440EA969B0182FA34932C648AD911AEC52CD5558EA6A0CF2EC329598D1E47ACCEFBECC59A050463A7EA5833865FEBDD0E37353BE3EE8DBDE3F6786A48D375FBF6CC78B9C282473B3DEFABC5C86834888A900E538A49F5419B9EB47DD5BC907D4F082F57FB1F28CDFA9F50
310
B22ED6D5F6EE030B20687EE43E10BC5CB3C8E51E54AE6B6EE207504B0304140006080800CC70623B55019EA25F0000007C00000007000000636E782E786D6C4DCB3B0E80201045D1AD90E915ED2CF8AC45050C11660C8261F98AB1B07AC9C97D42D718D865D3E909258CFD00CCE24AC6E326A164D74DC0B4128928FF326038
310
472BA13128B1252AC747C6BAB984FC68F0B87FE8960A5C09FE86CFB69FBA01504B0304140006080800CC70623BA24EB22D72010000D40300000C0000006662782F636F72652E786D6CC5535B6E833010BC8AE5DF0A6C5E49888CA3A6694ED00B38E05014B091B1518EDFE511A5A9D228FD2A1F60CDEC7A67C6986DCE4D8D7A
310
69BA4AAB0C073EC548AA5C17952A33ECECD15B61B4E1CC686DBF9561A44423333CC098B3D268D7CE50AE9595CA02AA74216750749DB418E5352C32DCE59FB211BE70162ABA93DF8AFC244AE9073ED050C759670D0840D390E18DF9F1706664C23973AE2A66B62A605A75ACA4C13C4976E1364A12EF355A2EBD384AF65EFA96
310
BC7B8BED2EA6719AAE16FB8491A199335B351775B991C2CA02F390D2D40B028F861F41BCA68B7518BFD0D59A524686F29B26D7164F36B94AD9289CE54E6D1DE6010819891F6E21228B3AD1831EC219194284CF98F06DD01008846CC5A1BEF83801D4CBDC6A1303536877A57A513B0953A94FC707FDBE6064EA84A9E3E6E0FA
310
EE8CF0E9198F7784A316AA0413C2C2F2E0ECA0934D1AE6D05A69BCDE9E91D2A611F573361E38FC1375157F5752AE6B6DFE4B11990F88CCBF0719EE23FF02504B0304140006080800CC70623B408A7D3B7C0000009D0000000B0000006662782F636E782E786D6C4DCCD10A83201886E15B91FFDC552A92A0064DBC8F581632
310
D3703A76F9ABD1C18E3E78F878E5F0D9027ABBFCF2292AE86E2D20171F69F6715550CB827B40839639A5F2770314A7CD293819B45C73AAFB45B35BA61ACAA1C1C7E7855C58C15BC331339661262CC762340413D68D77DA5B42298546CBE6573AF60CEB2F504B0304140006080800CC70623B449FB9BD290100001202000031
310
0000006662782F36394639363044362D344446342D343946362D394244322D3234314243333846323333332F636F72652E786D6C8D515B6EC32010BC0AE22B55850D98B871848994463E412FE002495162B07854397EA176A4F62F3F2C9A9D991D587EB84F37F0AD7D30CEF6905418026DA553C65E7A98E219ED203808EE9D
310
8B7F6810D871D23D2C3014FCE25D9A57483A1BB58D19B54EE9151C43D0110279CB971E06F9A5A7B11A53CC8C70ADE6515EC78BAE4895DB992778883E0700CB907242D17643D7E2538BD869608875438BBAE38922CAC8F1BDD90DB4691A5E2F42C153326A951B95E398B3D1FE599322163C9AE9115F7A3D46ADA0A018778810
310
84E907617BDCEE297BC5BB3DC6BC2EF47FA234AB2745C9D8D8D035EE220B50105E2F0DC1954B9FB747187D9F9D8FA0CCDB042D5FA0C015C65B42DF78BD10F3F3B363CB56C7109DCFDFBBB97E662ED92EB62D13BC2E1BCAE5777DB9966D8A1F504B0304140006080800CC70623BAD7543B64E01000033030000300000006662
310
782F36394639363044362D344446342D343946362D394244322D3234314243333846323333332F636E782E786D6CD593CD6EC32010845F0571AD6CE3D48AD20813A9873E410FBD12D82434182C7EAAE6EDBB2424CD25871E7B41D6EC30B3FA84F9E67BB2E40B4234DE8DB46F1925E094D7C6ED479AD3AE5951B2113C789FEE
310
6C943839C1488B4C05DF079FE72A69D8C96C13AAD6B8631503449F83828872B949AC57D26200B826A308D316B4064D6E46FCDA41C05550DC9E483A00797BFD207EFB092A45DE9514C1BBD22178396BD39D891265658C238DEA00936C654E5E433CB65A26D9F6EDB5EBC14EBF49A45CB856E66048291F6939A9A81BB5C89177
310
38143CA680F4AA299D66A042CEB3354A2684DC9D8D178FE0D9B8B41CAAD720F880EE7EF93C0C18769E099ECC04D5A102C8049A8A05632F4DDF376CF1DE0F6BB65C2F8627B65A33C6BB62177CEBBDAD973006829F89F22E814B54F4BC2BE347F8AA8F681390B50FA73F804400B5F542E796F19FF974E7F78DB802FE05E20750
310
4B0304140006080800CC70623B8D05915C650500003B100000340000006662782F36394639363044362D344446342D343946362D394244322D3234314243333846323333332F6F626A656374732E786D6CAD575B6FA33814FE2B887D06429276DA1565D4266D158D3A339A6846FB502932E050B66023DB74D2FDF5FB190C01
310
9276B2973C046C8ECFF53B17071F77456EBD502133CEAE6CDF9DD81665314F32965ED995DA3A17B6F5310C04E7AA47665B8C14F4CAD6DB7618A48257A5D94AE89654B91AEDDEDDFC61C998326A5B714EA4BCB265FC440BE2924AF184CA6737218AB8E976E7FA6E4338649B0A523E8D98964450A6A029F619B8588D52FE7039
310
B1BD30F0F4F730D0FF866AF6369557DB33949F31A9088B0F848DD8CCFCF9F2767A76E99CCDE733677E3EF59D9BBB9BA5E37F984D16E78BC5E5F5ED25044B25C0C96822E8D60EEFE11B91C581D77CEA34368A1F5329E68CD1B8B61F16D63A1B8E092D294B10C78C4A48EB593D192E7DED9BDEE7995E1B91FDEDD3ACEA9FE831
310
6A756F9F7D4D79F4274C90A7A04248AA51D5F8C718DAE06FB2F75AC4796EBE65D22A88A22223B995679120E2D50E41AA49C260C046A35368846B0BECD0DFF3EBEB8AD4F835768F69B9ADF25C43D30E6B646F807FAA64AD59F61715C7A54127C4AACA98BA3006A9D792DAE165E0D59B61A01FB3A9F9D838D2DAE62445C86166
310
F37564E842E7DE6A69879FEEA2DD5AE7E371E1A5E025154AC307D06A03D73EB5978C58FFA4C8E9033066E0F3BD53BEC1F39F91BE7B55103791EDE6BBB991A2046172CB4581D8B893FA674DDA17A77B3B7C413D1B511FD2743BFF8A38F03A658705E3ADF8015C3A3417FF3D7E439FF591DA0B5F18BC20C1B8981957AE6392A3
310
F43C640C01D1A0B4728E2DD4F26DB4B3C3152A252A3B4E913CEC1C72F012782FF88EFF8637AA552DBEF76408E8A8DE9E50F9E1CB3A2DA0DB1B6039A893B56063DC5B3E3FFB5F72E67AB9FEB4AEC496C4F4C1149625DD662C53E89D7BF0F6151A046260D1337DFDC94502430F83B0EE07A130A224BCAD7DAE1D9FB6CD422FF6
310
920702629C4BB9AE79C12F243C6432A6794E18E5552BA56B431AAB5D91317302B2B071E86C3A42B1A02F999E24061403B5D0EB639195DA655DD3EBEAB4FB862DDF579F014AD0E73C22F99E28DA57FB98E75C6CA2D74D53086D600F4786E0FE3144B771A8A7B900F03594DB8A633CBC49B2EDB69228BB479CF863B5E807AAAB
310
23872F6DFEB4129B949CA33823F58830E86D65621E10047D9DB34D862E8EAC3C2ABC2F7B2C40D67CDFE01F5545B92105AF983AC54D93D69E56FB8E797F88913F898A9FEC705D3F9D1B54EC8426FB500D40A03BD0119B06E1B95DDC7EB8F6975367793EBD70E66733DFB9BC982F9CE564727731999F5D4ECFCE3B8D6A4DC2A0
310
6D50FD148437D110834A64C6CDDF57FBACB5C307A2A477DFE4939736CFEF2B175371E0E10CF0DD1D5C15654E0BCA14D1E87DD02FF93782A162C0A3D95F1524A52770F972BF1EE9809D13CE7DD599467F8ECE9ADD85CE85A34CD45355448C64F9E8A031DC2D596ACC6E5DD93D9B82DE2EF5CAF81363A8E47996A0DE24564A79
310
4115AACE09C55E14540231FDA13C319787134EBF34E3A022514E5B4D9E0826E25C02D5805B15ABE1BEF51B26383D445DD9E875EE33FE4C22DA16427D65A3BCA92CA6D28DD01DF5DC53330704308475351050232CCD31583787BA75774AFB06E5070DD0C8EF484E19968C5D83BA5B90B244D31E54D55A372320FE4786B7EA58
310
44E135AA5467CB7EA333A61683CC6A8C3257034C10CF46F40EF9F5BE59BE5BD30C3C72D235E95D10345C1D45445A5F0BB47E46A5EBE5570F9380B5FA629579952296A773720405982B9DE04011506178964401AA8BDF1FBF0A8EAB6861DD6580C0E38217056766716DAEB2D6FA0917D3E4116581EADB879C4E7CFFB11EFACD
310
3D641311495D92C8676CB409A72D18610D803CE8A626049E8EC1887CB5B44CC39883690DDA8399B4B9855B481E7D71D4A9D22F96E5BB73BF5793020C02137BF837504B0304140006080000CC70623B000000000000000000000000350000006662782F36394639363044362D344446342D343946362D394244322D32343142
310
43333846323333332F76657274696365732E62696E504B0304140006080800CC70623BF270F1330600000004000000360000006662782F36394639363044362D344446342D343946362D394244322D3234314243333846323333332F747269616E676C65732E62696E636660600000504B0304140006080000CC70623B0000
310
00000000000000000000370000006662782F36394639363044362D344446342D343946362D394244322D3234314243333846323333332F617474726962757465732E62696E504B0304140006080800CC70623B08DA0BD19000000041010000360000006662782F36394639363044362D344446342D343946362D394244322D
310
3234314243333846323333332F6469726563746F72792E786D6C858F410AC3201045AF22B36F53E9A60B35CBEEBAE80D244E44489C6234F4F835464A48035D0DF398FF9F8AF63D0E6CC63039F212F8F9020C7D47C6792B21C5FE7403D62A1188E2E60C98D7234A5830286103A55745067B9D86B8A3CF9C7F90C11DE607FB14
310
4396D7B6A82D282E9A152AD114D5EF2CB866EEE831B8EEA07A7BB5A8D7D61A2BAAEB7FD5F70921FF497D00504B0304140006080800CC70623BCA768048FE000000A00100003B0000006662782F36394639363044362D344446342D343946362D394244322D3234314243333846323333332F7265736F75726365732F636F72
310
652E786D6C8D50596E833010BD0A9ADFCA60D600328E9AA639412F609909B1126CE4A5EAF16B0295DABFFECC8CDEA2797AECF8353F924FB44E193D409E5248504B332A3D0D10FC95B4901C39B3C6F85F3248B49871801506CE266BC2B243D2688FDA47549B11775038871E12F988C7004EDE7016A9083E2ADC3D5D84BC8B09
310
D33C8D74D471E6BC8D0192EDC93A815B742658898E651BCB59086ADC356A8C3FD555A1055ED7E7E254D615792D0F075295F585746FF53B694EE78A565DD736979A65AB9933AFE69F8CD2A2F038022F28ED489E135A7CE4554F9BBEA85E68DB53CAB255FEC71496F19FA6A0B42F8B3DEE6673C0F318E4497096AD7DC5F52C33
310
EEB55BFE0D504B010214000A0000080000CC70623B3DEE336E79000000790000001B00000000000000000000000000000000006175746F6465736B2D64657369676E2D7061636B6167652E786D6C504B01021400140006080800CC70623BD486FD9CA0000000F40000001300000000000000000000000000B20000005B436F
310
6E74656E745F54797065735D2E786D6C504B01021400140006080800CC70623BD9DDAED0EC0000007C010000080000000000000000000000000083010000636F72652E786D6C504B01021400140006080800CC70623B55019EA25F0000007C000000070000000000000000000000000095020000636E782E786D6C504B0102
310
1400140006080800CC70623BA24EB22D72010000D40300000C00000000000000000000000000190300006662782F636F72652E786D6C504B01021400140006080800CC70623B408A7D3B7C0000009D0000000B00000000000000000000000000B50400006662782F636E782E786D6C504B01021400140006080800CC70623B
310
449FB9BD290100001202000031000000000000000000000000005A0500006662782F36394639363044362D344446342D343946362D394244322D3234314243333846323333332F636F72652E786D6C504B01021400140006080800CC70623BAD7543B64E010000330300003000000000000000000000000000D20600006662
310
782F36394639363044362D344446342D343946362D394244322D3234314243333846323333332F636E782E786D6C504B01021400140006080800CC70623B8D05915C650500003B10000034000000000000000000000000006E0800006662782F36394639363044362D344446342D343946362D394244322D32343142433338
310
46323333332F6F626A656374732E786D6C504B01021400140006080000CC70623B0000000000000000000000003500000000000000000000000000250E00006662782F36394639363044362D344446342D343946362D394244322D3234314243333846323333332F76657274696365732E62696E504B010214001400060808
310
00CC70623BF270F13306000000040000003600000000000000000000000000780E00006662782F36394639363044362D344446342D343946362D394244322D3234314243333846323333332F747269616E676C65732E62696E504B01021400140006080000CC70623B00000000000000000000000037000000000000000000
310
00000000D20E00006662782F36394639363044362D344446342D343946362D394244322D3234314243333846323333332F617474726962757465732E62696E504B01021400140006080800CC70623B08DA0BD190000000410100003600000000000000000000000000270F00006662782F36394639363044362D344446342D
310
343946362D394244322D3234314243333846323333332F6469726563746F72792E786D6C504B01021400140006080800CC70623BCA768048FE000000A00100003B000000000000000000000000000B1000006662782F36394639363044362D344446342D343946362D394244322D3234314243333846323333332F7265736F
310
75726365732F636F72652E786D6C504B0506000000000E000E0080040000621100000000
  0
XRECORD
  5
176
102
{ACAD_REACTORS
330
173
102
}
330
173
100
AcDbXrecord
280
     1
270
     1
271
     1
  0
XRECORD
  5
177
102
{ACAD_REACTORS
330
173
102
}
330
173
100
AcDbXrecord
280
     1
270
     1
271
     1
  0
CELLSTYLEMAP
  5
137A
102
{ACAD_REACTORS
330
162
102
}
330
162
100
AcDbCellStyleMap
 90
        3
300
CELLSTYLE
  1
TABLEFORMAT_BEGIN
 90
        5
170
     1
 91
        0
 92
    32768
 62
   257
 93
        1
300
CONTENTFORMAT
  1
CONTENTFORMAT_BEGIN
 90
        0
 91
        0
 92
      512
 93
        0
300

 40
0.0
140
1.0
 94
        5
 62
     0
340
11
144
6.0
309
CONTENTFORMAT_END
171
     1
301
MARGIN
  1
CELLMARGIN_BEGIN
 40
1.5
 40
1.5
 40
1.5
 40
1.5
 40
0.18
 40
0.18
309
CELLMARGIN_END
 94
        6
 95
        1
302
GRIDFORMAT
  1
GRIDFORMAT_BEGIN
 90
        0
 91
        1
 62
     0
 92
       -2
340
14
 93
        0
 40
1.125
309
GRIDFORMAT_END
 95
        2
302
GRIDFORMAT
  1
GRIDFORMAT_BEGIN
 90
        0
 91
        1
 62
     0
 92
       -2
340
14
 93
        0
 40
1.125
309
GRIDFORMAT_END
 95
        4
302
GRIDFORMAT
  1
GRIDFORMAT_BEGIN
 90
        0
 91
        1
 62
     0
 92
       -2
340
14
 93
        0
 40
1.125
309
GRIDFORMAT_END
 95
        8
302
GRIDFORMAT
  1
GRIDFORMAT_BEGIN
 90
        0
 91
        1
 62
     0
 92
       -2
340
14
 93
        0
 40
1.125
309
GRIDFORMAT_END
 95
       16
302
GRIDFORMAT
  1
GRIDFORMAT_BEGIN
 90
        0
 91
        1
 62
     0
 92
       -2
340
14
 93
        0
 40
1.125
309
GRIDFORMAT_END
 95
       32
302
GRIDFORMAT
  1
GRIDFORMAT_BEGIN
 90
        0
 91
        1
 62
     0
 92
       -2
340
14
 93
        0
 40
1.125
309
GRIDFORMAT_END
309
TABLEFORMAT_END
  1
CELLSTYLE_BEGIN
 90
        1
 91
        1
300
_TITLE
309
CELLSTYLE_END
300
CELLSTYLE
  1
TABLEFORMAT_BEGIN
 90
        5
170
     1
 91
        0
 92
        0
 62
   257
 93
        1
300
CONTENTFORMAT
  1
CONTENTFORMAT_BEGIN
 90
        0
 91
        0
 92
      512
 93
        0
300

 40
0.0
140
1.0
 94
        5
 62
     0
340
11
144
4.5
309
CONTENTFORMAT_END
171
     1
301
MARGIN
  1
CELLMARGIN_BEGIN
 40
1.5
 40
1.5
 40
1.5
 40
1.5
 40
0.18
 40
0.18
309
CELLMARGIN_END
 94
        6
 95
        1
302
GRIDFORMAT
  1
GRIDFORMAT_BEGIN
 90
        0
 91
        1
 62
     0
 92
       -2
340
14
 93
        0
 40
1.125
309
GRIDFORMAT_END
 95
        2
302
GRIDFORMAT
  1
GRIDFORMAT_BEGIN
 90
        0
 91
        1
 62
     0
 92
       -2
340
14
 93
        0
 40
1.125
309
GRIDFORMAT_END
 95
        4
302
GRIDFORMAT
  1
GRIDFORMAT_BEGIN
 90
        0
 91
        1
 62
     0
 92
       -2
340
14
 93
        0
 40
1.125
309
GRIDFORMAT_END
 95
        8
302
GRIDFORMAT
  1
GRIDFORMAT_BEGIN
 90
        0
 91
        1
 62
     0
 92
       -2
340
14
 93
        0
 40
1.125
309
GRIDFORMAT_END
 95
       16
302
GRIDFORMAT
  1
GRIDFORMAT_BEGIN
 90
        0
 91
        1
 62
     0
 92
       -2
340
14
 93
        0
 40
1.125
309
GRIDFORMAT_END
 95
       32
302
GRIDFORMAT
  1
GRIDFORMAT_BEGIN
 90
        0
 91
        1
 62
     0
 92
       -2
340
14
 93
        0
 40
1.125
309
GRIDFORMAT_END
309
TABLEFORMAT_END
  1
CELLSTYLE_BEGIN
 90
        2
 91
        1
300
_HEADER
309
CELLSTYLE_END
300
CELLSTYLE
  1
TABLEFORMAT_BEGIN
 90
        5
170
     1
 91
        0
 92
        0
 62
   257
 93
        1
300
CONTENTFORMAT
  1
CONTENTFORMAT_BEGIN
 90
        0
 91
        0
 92
      512
 93
        0
300

 40
0.0
140
1.0
 94
        2
 62
     0
340
11
144
4.5
309
CONTENTFORMAT_END
171
     1
301
MARGIN
  1
CELLMARGIN_BEGIN
 40
1.5
 40
1.5
 40
1.5
 40
1.5
 40
0.18
 40
0.18
309
CELLMARGIN_END
 94
        6
 95
        1
302
GRIDFORMAT
  1
GRIDFORMAT_BEGIN
 90
        0
 91
        1
 62
     0
 92
       -2
340
14
 93
        0
 40
1.125
309
GRIDFORMAT_END
 95
        2
302
GRIDFORMAT
  1
GRIDFORMAT_BEGIN
 90
        0
 91
        1
 62
     0
 92
       -2
340
14
 93
        0
 40
1.125
309
GRIDFORMAT_END
 95
        4
302
GRIDFORMAT
  1
GRIDFORMAT_BEGIN
 90
        0
 91
        1
 62
     0
 92
       -2
340
14
 93
        0
 40
1.125
309
GRIDFORMAT_END
 95
        8
302
GRIDFORMAT
  1
GRIDFORMAT_BEGIN
 90
        0
 91
        1
 62
     0
 92
       -2
340
14
 93
        0
 40
1.125
309
GRIDFORMAT_END
 95
       16
302
GRIDFORMAT
  1
GRIDFORMAT_BEGIN
 90
        0
 91
        1
 62
     0
 92
       -2
340
14
 93
        0
 40
1.125
309
GRIDFORMAT_END
 95
       32
302
GRIDFORMAT
  1
GRIDFORMAT_BEGIN
 90
        0
 91
        1
 62
     0
 92
       -2
340
14
 93
        0
 40
1.125
309
GRIDFORMAT_END
309
TABLEFORMAT_END
  1
CELLSTYLE_BEGIN
 90
        3
 91
        2
300
_DATA
309
CELLSTYLE_END
  0
ENDSEC
  0
SECTION
  2
ACDSDATA
 70
     2
 71
     8
  0
ACDSSCHEMA
 90
        0
  1
AcDb_Thumbnail_Schema
  2
AcDbDs::ID
280
    10
 91
        8
  2
Thumbnail_Data
280
    15
 91
        0
101
ACDSRECORD
 95
        0
 90
        1
  2
AcDbDs::TreatedAsObjectData
280
     1
291
     1
101
ACDSRECORD
 95
        0
 90
        2
  2
AcDbDs::Legacy
280
     1
291
     1
101
ACDSRECORD
  1
AcDbDs::ID
 90
        3
  2
AcDs:Indexable
280
     1
291
     1
101
ACDSRECORD
  1
AcDbDs::ID
 90
        4
  2
AcDbDs::HandleAttribute
280
     7
282
     1
  0
ACDSSCHEMA
 90
        1
  1
AcDbDs::TreatedAsObjectDataSchema
  2
AcDbDs::TreatedAsObjectData
280
     1
 91
        0
  0
ACDSSCHEMA
 90
        2
  1
AcDbDs::LegacySchema
  2
AcDbDs::Legacy
280
     1
 91
        0
  0
ACDSSCHEMA
 90
        3
  1
AcDbDs::IndexedPropertySchema
  2
AcDs:Indexable
280
     1
 91
        0
  0
ACDSSCHEMA
 90
        4
  1
AcDbDs::HandleAttributeSchema
  2
AcDbDs::HandleAttribute
280
     7
 91
        1
284
     1
  0
ACDSRECORD
 90
        0
  2
AcDbDs::ID
280
    10
320
22
  2
Thumbnail_Data
280
    15
 94
      896
310
89504E470D0A1A0A0000000D49484452000001000000009108030000001BE1960600000300504C5445212830FFFFFF2128300000000000000000000000000000000000000000000000000000330000660000990000CC0000FF0033000033330033660033990033CC0033FF0066000066330066660066990066CC0066FF0099
310
000099330099660099990099CC0099FF00CC0000CC3300CC6600CC9900CCCC00CCFF00FF0000FF3300FF6600FF9900FFCC00FFFF3300003300333300663300993300CC3300FF3333003333333333663333993333CC3333FF3366003366333366663366993366CC3366FF3399003399333399663399993399CC3399FF33CC00
310
33CC3333CC6633CC9933CCCC33CCFF33FF0033FF3333FF6633FF9933FFCC33FFFF6600006600336600666600996600CC6600FF6633006633336633666633996633CC6633FF6666006666336666666666996666CC6666FF6699006699336699666699996699CC6699FF66CC0066CC3366CC6666CC9966CCCC66CCFF66FF0066
310
FF3366FF6666FF9966FFCC66FFFF9900009900339900669900999900CC9900FF9933009933339933669933999933CC9933FF9966009966339966669966999966CC9966FF9999009999339999669999999999CC9999FF99CC0099CC3399CC6699CC9999CCCC99CCFF99FF0099FF3399FF6699FF9999FFCC99FFFFCC0000CC00
310
33CC0066CC0099CC00CCCC00FFCC3300CC3333CC3366CC3399CC33CCCC33FFCC6600CC6633CC6666CC6699CC66CCCC66FFCC9900CC9933CC9966CC9999CC99CCCC99FFCCCC00CCCC33CCCC66CCCC99CCCCCCCCCCFFCCFF00CCFF33CCFF66CCFF99CCFFCCCCFFFFFF0000FF0033FF0066FF0099FF00CCFF00FFFF3300FF3333
310
FF3366FF3399FF33CCFF33FFFF6600FF6633FF6666FF6699FF66CCFF66FFFF9900FF9933FF9966FF9999FF99CCFF99FFFFCC00FFCC33FFCC66FFCC99FFCCCCFFCCFFFFFF00FFFF33FFFF66FFFF99FFFFCCFFFFFF0000000D0D0D1A1A1A2828283535354343435050505D5D5D6B6B6B787878868686939393A1A1A1AEAEAEBB
310
BBBBC9C9C9D6D6D6E4E4E4F1F1F1FFFFFF0000000000000000000000000000000000000000000000000000000000002E4550F10000003B4944415478DAEDC13101000000C2A0F54F6D0B2FA0000000000000000000000000000000000000000000000000000000000000000000000000CE06919100016C9A5B1B0000000049
310
454E44AE426082
  0
ENDSEC
  0
EOF
